ID,Cluster,Age_Grp,Gender,ADC,Reg_Flv,Reg_Len,Reg_PrcComb,Reg_Barrel,Reg_Tar,HH_Inc,Mon_Allowance,Org_1,Org_2,Org_4,Org_8,Org_12,Org_13,Org_14,Org_15,Org_16,Org_19,Org_20,Org_22,Org_23,Org_24,Org_29,Org_32,Org_34,Org_37,Org_38,Org_39,Org_40,Org_44,Org_45,Org_48,Org_50,Org_51,Org_52,Org_55,Org_56,Org_58,Org_59,Org_60
19,Clus 1,G 10,G 2,15,G 2,G 2,G 2,G 1,G 1,G 3,G 2,-1,-1,-1,0,-1,0,0,1,0,1,-1,-1,0,0,0,0,0,0,-1,0,0,0,1,0,1,1,1,1,0,0,1,-1
30,Clus 2,G 5,G 1,15,G 2,G 1,G 2,G 1,G 4,G 8,G 2,1,-1,1,1,-1,1,0,0,0,1,0,-1,-1,0,-1,0,-1,0,0,-1,0,-1,0,0,0,0,1,1,1,0,0,1
45,Clus 4,G 10,G 2,4,G 2,G 1,G 2,G 1,G 1,G 2,G 4,-1,-1,-1,0,0,0,0,0,1,1,0,0,0,-1,0,0,0,-1,-1,0,1,0,1,0,-1,-1,0,0,1,1,-1,0
58,Clus 1,G 10,G 2,20,G 1,G 1,G 1,G 1,G 3,G 9,G 4,-1,0,-1,0,0,0,0,0,1,0,0,0,-1,0,0,0,-1,-1,-1,-1,0,0,0,0,0,1,1,1,1,1,1,-1
63,Clus 4,G 9,G 2,15,G 2,G 1,G 1,G 1,G 4,G 8,G 5,0,0,-1,-1,0,-1,-1,-1,1,0,-1,0,-1,1,0,0,0,0,-1,0,1,0,1,1,0,0,1,1,1,0,0,-1
72,Clus 2,G 7,G 2,20,G 1,G 1,G 1,G 1,G 4,G 8,G 6,-1,-1,-1,0,0,0,1,-1,0,0,-1,0,1,1,0,-1,1,1,-1,0,-1,0,1,0,-1,0,1,0,1,0,1,-1
76,Clus 2,G 8,G 2,30,G 2,G 1,G 2,G 1,G 4,G 5,G 5,0,0,0,0,-1,1,0,0,1,1,-1,1,-1,0,0,1,0,0,-1,0,0,0,1,-1,-1,0,0,0,1,0,0,-1
89,Clus 5,G 9,G 2,10,G 2,G 2,G 2,G 1,G 1,G 6,G 4,0,-1,0,0,0,0,0,1,1,1,0,-1,-1,0,1,-1,-1,0,-1,0,1,0,1,0,-1,-1,0,1,0,1,0,-1
95,Clus 2,G 3,G 2,1,G 1,G 1,G 1,G 1,G 3,G 5,G 1,0,0,0,0,0,1,0,0,1,0,0,-1,-1,-1,-1,0,1,0,-1,0,0,0,1,0,1,0,0,1,0,0,0,-1
105,Clus 4,G 9,G 2,20,G 2,G 1,G 1,G 1,G 4,G 4,G 2,1,-1,-1,1,0,0,0,0,1,1,-1,0,0,0,-1,0,0,-1,0,0,-1,0,0,1,0,0,1,1,1,1,0,-1
114,Clus 1,G 9,G 2,20,G 2,G 2,G 2,G 1,G 1,G 3,G 4,-1,0,-1,1,0,-1,0,0,0,0,1,0,-1,1,1,0,0,0,0,0,0,0,0,0,-1,0,0,-1,1,1,0,0
118,Clus 4,G 7,G 2,3,G 2,G 1,G 2,G 1,G 2,G 9,G 15,0,0,-1,1,-1,0,-1,0,0,-1,-1,0,0,1,0,-1,0,0,-1,0,1,0,1,-1,-1,1,1,0,1,0,1,-1
131,Clus 5,G 7,G 2,10,G 2,G 2,G 2,G 1,G 1,G 11,G 6,0,0,0,0,0,0,-1,0,0,1,-1,-1,0,0,-1,-1,-1,-1,-1,-1,0,1,0,1,0,0,1,1,1,1,0,-1
150,Clus 4,G 9,G 2,40,G 2,G 1,G 1,G 1,G 4,G 3,G 5,0,-1,-1,0,0,-1,0,-1,1,0,-1,0,0,1,-1,0,1,0,-1,1,0,0,1,1,0,-1,1,0,0,0,-1,-1
168,Clus 5,G 5,G 2,3,G 1,G 1,G 1,G 1,G 3,G 6,G 3,-1,-1,-1,1,-1,0,0,0,0,1,0,-1,0,0,0,0,0,0,0,0,1,0,1,0,1,0,0,0,0,1,1,-1
187,Clus 5,G 9,G 2,15,G 1,G 2,G 2,G 1,G 1,G 4,G 6,0,0,-1,0,0,0,0,0,1,1,-1,0,-1,1,0,-1,0,-1,-1,0,0,-1,1,-1,-1,0,1,1,1,1,0,-1
198,Clus 5,G 8,G 2,25,G 1,G 1,G 1,G 1,G 3,G 3,G 3,0,-1,0,0,1,0,0,1,1,0,0,0,0,0,-1,-1,-1,0,-1,0,0,0,1,1,0,0,1,0,1,1,1,-1
213,Clus 4,G 8,G 2,20,G 2,G 1,G 1,G 1,G 4,G 11,G 6,0,-1,-1,1,1,0,0,0,0,0,0,0,0,0,0,-1,0,1,-1,0,0,0,1,0,-1,0,1,0,0,1,-1,0
249,Clus 2,G 4,G 1,6,G 2,G 2,G 2,G 1,G 3,G 2,G 1,0,-1,-1,0,0,1,0,-1,0,0,0,0,0,1,0,0,1,0,0,0,0,-1,0,-1,-1,-1,1,-1,1,1,-1,1
277,Clus 2,G 6,G 2,10,G 2,G 1,G 1,G 1,G 4,G 3,G 1,0,0,0,0,-1,0,0,-1,1,1,0,0,0,1,0,0,1,1,-1,0,0,1,0,0,-1,-1,0,-1,1,-1,0,0
288,Clus 5,G 8,G 2,5,G 1,G 2,G 1,G 1,G 3,G 13,G 1,1,0,-1,1,0,-1,-1,0,1,1,0,0,-1,0,0,0,0,-1,0,0,0,0,1,-1,0,0,0,0,1,0,1,-1
289,Clus 5,G 7,G 2,20,G 2,G 1,G 2,G 1,G 1,G 5,G 2,0,-1,-1,0,0,0,0,1,0,1,-1,-1,-1,0,-1,0,0,0,-1,0,0,0,0,0,-1,-1,0,1,1,1,0,0
311,Clus 2,G 8,G 2,20,G 2,G 1,G 1,G 1,G 4,G 2,G 3,-1,0,-1,0,0,0,1,0,1,0,0,0,0,0,1,0,0,0,-1,0,1,0,0,0,-1,-1,0,-1,1,0,-1,-1
315,Clus 1,G 5,G 1,5,G 1,G 2,G 1,G 2,G 1,G 6,G 3,1,1,1,0,0,0,0,0,0,-1,0,-1,-1,-1,0,0,0,-1,1,-1,0,0,1,-1,1,0,-1,0,0,1,0,1
351,Clus 4,G 5,G 2,10,G 2,G 1,G 2,G 1,G 4,G 3,G 10,0,-1,-1,0,0,-1,0,-1,1,1,0,0,0,0,0,-1,0,0,-1,1,1,-1,1,1,0,0,0,0,1,1,0,-1
376,Clus 2,G 7,G 2,15,G 2,G 1,G 1,G 1,G 4,G 1,G 2,0,-1,0,0,0,0,1,0,1,0,0,0,-1,-1,0,-1,1,0,-1,0,0,0,0,1,0,-1,0,0,0,1,1,-1
388,Clus 4,G 9,G 1,15,G 2,G 1,G 2,G 1,G 4,G 3,G 1,0,-1,-1,1,0,0,0,1,0,0,-1,1,0,1,0,0,0,-1,0,0,1,0,1,0,-1,-1,0,0,1,1,-1,-1
389,Clus 4,G 10,G 2,20,G 2,G 1,G 1,G 1,G 4,G 3,G 4,0,0,-1,1,1,-1,1,0,1,0,-1,0,0,0,0,-1,0,0,-1,-1,0,0,1,-1,-1,0,1,1,1,1,-1,0
410,Clus 5,G 9,G 2,10,G 2,G 2,G 2,G 1,G 1,G 5,G 4,0,0,0,-1,0,0,0,0,0,0,0,0,-1,0,0,0,0,0,-1,0,-1,1,1,0,1,0,0,0,1,1,1,-1
422,Clus 1,G 8,G 2,5,G 1,G 1,G 2,G 3,G 1,G 5,G 2,0,0,-1,1,0,0,-1,1,0,0,-1,0,0,0,0,0,0,0,0,-1,0,-1,1,0,0,1,0,1,0,1,1,-1
434,Clus 3,G 4,G 1,15,G 1,G 1,G 1,G 1,G 3,G 4,G 5,0,1,-1,0,0,-1,0,0,1,0,-1,0,-1,0,0,0,0,-1,0,0,0,0,1,0,0,0,1,1,1,1,1,-1
445,Clus 2,G 10,G 2,7,G 2,G 1,G 2,G 1,G 3,G 10,G 5,0,-1,0,1,0,1,1,-1,0,0,0,0,0,0,-1,-1,1,0,0,-1,0,1,1,0,-1,-1,0,0,1,1,0,-1
464,Clus 5,G 10,G 2,50,G 2,G 1,G 2,G 1,G 1,G 7,G 5,-1,0,-1,1,0,0,-1,0,0,1,1,0,0,-1,-1,0,0,0,-1,0,0,0,1,0,-1,-1,1,1,1,1,-1,-1
467,Clus 1,G 10,G 2,20,G 1,G 1,G 2,G 1,G 1,G 2,G 3,0,-1,-1,0,0,0,0,0,0,1,0,0,0,0,0,0,-1,0,-1,0,0,0,1,-1,1,1,0,1,1,1,1,-1
475,Clus 4,G 8,G 2,10,G 2,G 2,G 2,G 1,G 1,G 3,G 4,0,-1,-1,1,0,0,0,1,1,1,0,1,-1,0,0,-1,0,-1,0,0,0,0,0,0,-1,-1,1,1,0,1,-1,-1
480,Clus 2,G 7,G 1,15,G 2,G 1,G 1,G 1,G 3,G 3,G 3,0,-1,0,1,1,0,0,-1,1,0,0,1,0,1,0,-1,0,0,-1,0,0,0,0,0,-1,-1,0,0,1,0,-1,-1
483,Clus 3,G 6,G 1,10,G 1,G 2,G 1,G 2,G 1,G 11,G 11,1,1,0,-1,-1,0,-1,1,0,0,-1,-1,-1,0,0,-1,0,-1,-1,0,0,0,1,0,1,0,0,1,0,1,1,0
496,Clus 5,G 6,G 2,7,G 1,G 1,G 2,G 1,G 3,G 9,G 2,0,0,-1,0,0,-1,-1,0,1,0,-1,0,0,1,1,-1,-1,0,0,0,0,0,0,0,0,0,0,1,0,1,0,-1
504,Clus 1,G 7,G 2,12,G 1,G 1,G 2,G 1,G 1,G 12,G 11,0,-1,0,0,0,0,0,-1,-1,0,0,1,0,0,1,1,0,0,0,0,0,1,0,0,0,0,0,0,-1,0,0,-1
532,Clus 2,G 10,G 2,10,G 2,G 1,G 2,G 1,G 2,G 9,G 5,-1,-1,0,1,0,-1,1,1,0,0,0,-1,0,1,0,-1,0,1,0,-1,0,0,0,0,-1,-1,0,0,1,1,0,-1
545,Clus 5,G 7,G 2,10,G 1,G 1,G 1,G 1,G 3,G 2,G 1,0,-1,0,1,-1,0,-1,-1,1,-1,0,0,0,0,0,-1,-1,0,0,-1,0,-1,1,0,0,1,0,0,1,0,1,0
571,Clus 5,G 7,G 2,10,G 1,G 1,G 1,G 1,G 3,G 3,G 3,-1,-1,0,0,0,1,-1,0,0,0,0,-1,0,-1,1,0,-1,0,-1,0,0,0,0,0,0,0,0,1,0,0,1,-1
572,Clus 5,G 10,G 2,8,G 1,G 2,G 1,G 2,G 2,G 3,G 2,1,-1,0,1,0,1,0,0,0,1,0,1,0,0,0,0,0,-1,0,-1,0,0,1,0,-1,1,0,1,0,0,1,-1
582,Clus 3,G 10,G 1,15,G 2,G 2,G 2,G 1,G 2,G 7,G 3,1,-1,-1,0,1,-1,-1,0,0,1,-1,0,0,0,0,-1,-1,0,0,0,1,0,1,0,-1,0,0,1,0,0,0,0
583,Clus 5,G 8,G 2,20,G 2,G 1,G 1,G 1,G 4,G 8,G 4,0,-1,0,0,-1,-1,-1,0,0,-1,-1,1,0,0,0,0,1,1,0,-1,-1,0,1,0,1,-1,1,1,0,1,0,-1
625,Clus 2,G 9,G 2,15,G 2,G 1,G 2,G 1,G 4,G 9,G 7,0,-1,0,1,0,0,-1,0,1,0,-1,-1,-1,0,0,0,0,0,-1,0,1,0,1,0,-1,-1,0,0,1,1,0,0
682,Clus 1,G 9,G 2,10,G 1,G 2,G 1,G 2,G 1,G 4,G 3,1,1,0,0,0,0,1,1,0,1,-1,0,-1,-1,0,-1,0,0,-1,0,0,0,0,-1,0,0,0,1,1,1,1,-1
687,Clus 2,G 8,G 2,20,G 2,G 1,G 1,G 1,G 3,G 2,G 3,-1,-1,0,0,0,0,0,0,1,0,0,0,-1,0,1,0,1,1,-1,0,0,0,0,0,0,0,1,0,1,1,0,0
715,Clus 1,G 5,G 2,20,G 1,G 2,G 1,G 1,G 3,G 4,G 6,0,-1,0,0,-1,1,0,0,1,0,0,-1,-1,1,0,0,0,0,-1,-1,0,0,0,-1,0,1,1,0,1,0,1,-1
719,Clus 4,G 8,G 2,20,G 2,G 1,G 2,G 1,G 3,G 6,G 7,-1,-1,-1,1,0,0,0,0,1,0,-1,0,1,0,0,0,0,0,0,0,0,0,1,1,-1,-1,-1,0,1,0,0,-1
724,Clus 2,G 4,G 1,15,G 2,G 1,G 1,G 1,G 4,G 3,G 3,0,0,0,1,1,0,-1,0,0,0,-1,1,-1,1,0,0,-1,0,0,0,1,-1,1,0,0,0,0,0,1,0,0,-1
746,Clus 4,G 9,G 2,15,G 2,G 1,G 2,G 1,G 2,G 9,G 5,-1,-1,0,0,0,0,1,0,1,0,-1,0,0,0,0,-1,0,0,-1,-1,0,0,0,0,1,1,1,0,0,0,1,-1
752,Clus 2,G 10,G 2,20,G 2,G 1,G 2,G 1,G 4,G 2,G 8,0,0,0,0,0,1,0,0,1,0,0,1,-1,0,-1,-1,0,0,0,0,1,-1,0,0,0,-1,0,0,1,0,-1,0
758,Clus 3,G 5,G 1,5,G 2,G 2,G 2,G 1,G 1,G 2,G 2,0,0,0,1,-1,0,0,1,1,1,0,0,-1,0,0,-1,0,-1,0,0,1,0,1,0,-1,-1,0,1,1,1,1,0
764,Clus 4,G 10,G 2,20,G 2,G 2,G 2,G 1,G 1,G 1,G 4,0,0,-1,0,0,-1,0,1,0,0,-1,0,0,1,0,0,0,0,-1,-1,0,1,1,0,0,0,0,0,1,1,0,-1
766,Clus 3,G 6,G 2,10,G 1,G 1,G 1,G 3,G 3,G 10,G 16,0,1,-1,1,0,0,0,1,0,0,-1,-1,0,0,0,0,1,0,-1,0,-1,-1,-1,-1,0,0,1,1,0,1,1,-1
781,Clus 3,G 9,G 2,8,G 1,G 1,G 2,G 3,G 1,G 9,G 3,0,0,-1,0,1,0,-1,1,1,1,-1,-1,-1,0,0,0,0,0,-1,-1,0,0,1,0,0,0,0,1,0,1,1,-1
796,Clus 4,G 7,G 2,15,G 2,G 1,G 2,G 1,G 1,G 10,G 1,0,0,0,1,1,0,-1,0,0,1,-1,-1,0,0,0,0,0,0,-1,-1,0,-1,1,0,-1,0,1,1,0,0,-1,-1
803,Clus 4,G 8,G 1,20,G 2,G 2,G 2,G 1,G 4,G 3,G 2,0,0,-1,1,0,0,-1,0,1,0,0,0,0,0,0,0,0,0,0,-1,0,1,1,0,-1,-1,1,1,1,0,-1,-1
813,Clus 4,G 10,G 2,12,G 2,G 1,G 2,G 1,G 1,G 3,G 3,0,0,-1,0,0,0,1,1,0,0,-1,0,0,0,0,1,0,-1,-1,0,0,1,1,0,-1,-1,1,1,0,1,-1,0
828,Clus 4,G 10,G 2,20,G 2,G 2,G 2,G 1,G 1,G 5,G 4,0,0,-1,1,0,0,-1,1,1,-1,-1,0,0,0,0,-1,-1,0,0,0,0,0,1,0,-1,-1,0,0,1,1,0,0
845,Clus 1,G 8,G 1,5,G 1,G 2,G 1,G 2,G 1,G 8,G 5,0,0,-1,0,0,0,0,1,0,-1,-1,0,0,1,1,0,0,-1,0,0,0,1,-1,1,1,1,0,1,0,1,1,-1
852,Clus 3,G 5,G 2,5,G 1,G 1,G 2,G 1,G 1,G 2,G 3,0,-1,-1,1,0,0,1,1,0,0,-1,0,-1,0,0,-1,0,-1,-1,0,0,-1,0,0,0,0,1,1,1,1,1,-1
859,Clus 1,G 8,G 2,10,G 1,G 1,G 1,G 1,G 3,G 12,G 6,-1,0,-1,1,-1,0,0,0,0,-1,0,0,-1,0,0,0,0,-1,0,0,0,0,0,0,1,1,1,0,1,0,1,-1
870,Clus 2,G 6,G 2,15,G 2,G 1,G 1,G 1,G 4,G 3,G 1,-1,0,-1,1,0,0,1,0,1,1,-1,0,0,0,0,0,1,-1,-1,-1,0,1,1,0,0,0,0,0,1,-1,0,-1
891,Clus 1,G 6,G 2,10,G 1,G 1,G 2,G 1,G 1,G 2,G 1,0,0,-1,0,0,0,1,1,0,0,0,0,0,0,0,0,0,0,-1,-1,0,0,1,-1,0,0,0,1,1,1,0,-1
915,Clus 1,G 6,G 1,10,G 1,G 2,G 1,G 2,G 2,G 5,G 4,0,0,-1,0,0,0,0,1,0,1,-1,-1,-1,0,0,-1,1,-1,0,-1,0,0,0,-1,0,1,1,1,1,1,1,-1
918,Clus 4,G 8,G 2,15,G 2,G 2,G 2,G 1,G 1,G 4,G 2,0,0,0,1,0,1,0,1,0,0,-1,0,-1,0,0,0,0,0,-1,0,0,0,1,0,-1,-1,0,1,0,1,0,-1
944,Clus 5,G 9,G 2,4,G 2,G 1,G 2,G 1,G 1,G 7,G 2,0,-1,-1,0,0,0,0,0,0,0,-1,0,0,0,1,-1,1,-1,-1,-1,-1,0,0,0,-1,-1,0,0,1,0,0,-1
959,Clus 1,G 6,G 2,20,G 2,G 1,G 2,G 1,G 1,G 4,G 16,-1,-1,0,1,1,1,0,-1,0,0,0,0,1,0,0,0,-1,1,-1,1,-1,0,0,0,0,-1,0,1,1,-1,0,-1
962,Clus 4,G 8,G 2,20,G 2,G 1,G 2,G 1,G 2,G 7,G 3,0,-1,0,0,0,1,0,1,-1,0,0,0,0,0,0,0,0,-1,-1,0,1,0,0,0,-1,-1,1,1,1,0,-1,-1
967,Clus 3,G 5,G 1,5,G 1,G 1,G 1,G 1,G 1,G 6,G 6,0,0,0,0,0,-1,-1,1,1,0,-1,-1,0,-1,0,-1,0,0,0,-1,0,0,0,0,1,0,0,1,0,1,1,-1
976,Clus 2,G 8,G 2,19,G 2,G 1,G 2,G 1,G 4,G 4,G 2,0,0,-1,0,0,0,1,-1,1,1,0,0,1,0,0,-1,1,0,0,-1,-1,-1,0,0,0,-1,0,0,0,-1,0,0
995,Clus 2,G 8,G 2,30,G 2,G 1,G 2,G 1,G 4,G 6,G 6,0,-1,-1,0,1,0,0,-1,1,-1,0,1,-1,0,0,-1,0,1,-1,0,0,1,0,0,-1,-1,0,-1,1,0,0,0
"1,029",Clus 4,G 10,G 2,30,G 2,G 1,G 1,G 1,G 2,G 2,G 4,0,0,-1,0,0,-1,0,1,0,0,-1,0,-1,0,1,0,-1,0,-1,-1,0,-1,1,0,0,-1,1,1,1,1,0,0
"1,036",Clus 2,G 7,G 2,10,G 2,G 1,G 2,G 1,G 2,G 8,G 5,0,-1,-1,0,0,-1,1,1,0,0,-1,0,0,0,0,-1,0,0,-1,-1,-1,1,1,0,-1,0,1,0,0,1,0,-1
"1,037",Clus 4,G 7,G 2,15,G 2,G 2,G 2,G 1,G 4,G 3,G 4,-1,-1,-1,1,-1,0,-1,-1,1,0,0,0,0,0,-1,0,0,0,-1,-1,0,0,0,0,0,0,1,1,1,0,0,-1
"1,066",Clus 5,G 7,G 2,20,G 1,G 1,G 2,G 1,G 1,G 6,G 4,0,-1,0,0,0,-1,-1,1,1,0,-1,0,0,0,0,0,0,0,-1,0,1,-1,0,-1,-1,-1,1,0,1,1,1,-1
"1,072",Clus 5,G 7,G 1,10,G 1,G 1,G 2,G 1,G 3,G 7,G 2,-1,-1,-1,0,0,0,0,1,1,0,0,0,-1,0,1,0,-1,-1,-1,0,0,0,1,0,0,0,0,1,1,0,1,0
"1,073",Clus 2,G 5,G 2,4,G 2,G 1,G 1,G 1,G 4,G 2,G 5,-1,-1,-1,1,0,0,-1,-1,0,1,0,0,0,0,0,0,0,-1,-1,1,0,0,1,0,-1,-1,1,0,0,0,1,0
"1,077",Clus 4,G 7,G 2,10,G 2,G 2,G 2,G 1,G 1,G 2,G 1,0,0,-1,1,0,0,0,1,0,1,0,0,0,0,0,-1,0,-1,0,0,0,0,1,-1,-1,-1,1,1,1,1,-1,0
"1,085",Clus 5,G 9,G 2,10,G 2,G 2,G 2,G 1,G 1,G 2,G 2,0,0,-1,1,0,0,0,0,1,0,0,0,0,0,0,0,0,0,-1,0,-1,-1,1,0,0,0,1,1,1,1,0,-1
"1,095",Clus 1,G 10,G 2,10,G 1,G 1,G 1,G 1,G 3,G 8,G 11,0,0,0,0,-1,0,1,1,1,-1,-1,-1,0,1,0,0,0,0,-1,-1,-1,0,1,0,0,1,1,1,1,1,1,0
"1,125",Clus 5,G 9,G 2,15,G 2,G 2,G 2,G 1,G 1,G 8,G 11,1,-1,-1,1,0,0,0,-1,1,1,-1,0,0,0,1,0,0,1,-1,0,0,0,1,0,0,0,0,0,1,1,0,0
"1,129",Clus 3,G 5,G 2,15,G 1,G 2,G 2,G 1,G 1,G 6,G 2,0,0,0,1,-1,0,0,0,0,0,-1,0,0,0,0,-1,-1,-1,0,-1,-1,-1,1,0,-1,0,1,1,1,1,0,-1
"1,143",Clus 4,G 9,G 1,10,G 2,G 1,G 2,G 1,G 2,G 4,G 2,0,0,-1,1,1,0,-1,1,0,1,0,-1,0,1,0,-1,0,0,-1,0,0,0,0,0,-1,0,1,1,0,1,0,0
"1,146",Clus 4,G 7,G 2,1,G 2,G 1,G 2,G 1,G 2,G 5,G 2,0,-1,0,1,0,0,0,0,1,0,-1,-1,0,1,0,-1,1,0,-1,0,0,0,1,0,-1,-1,0,1,1,1,-1,-1
"1,178",Clus 4,G 9,G 2,20,G 2,G 1,G 2,G 1,G 1,G 11,G 17,0,0,-1,1,0,0,-1,0,0,1,0,0,0,0,-1,0,-1,0,-1,1,1,0,1,0,-1,0,1,1,1,1,0,-1
"1,192",Clus 1,G 7,G 2,15,G 1,G 1,G 1,G 3,G 1,G 6,G 4,0,0,0,0,-1,1,0,1,0,0,0,-1,-1,0,0,0,0,0,-1,-1,0,0,1,0,0,0,0,1,1,1,1,-1
"1,221",Clus 5,G 6,G 1,10,G 1,G 1,G 1,G 1,G 3,G 3,G 3,0,-1,-1,0,0,0,0,0,0,0,-1,0,0,0,0,0,0,-1,0,1,0,-1,1,0,0,1,1,1,1,0,1,-1
"1,222",Clus 1,G 5,G 2,10,G 1,G 1,G 2,G 1,G 2,G 7,G 3,-1,-1,-1,1,0,1,0,0,0,0,0,0,0,0,1,0,0,0,-1,0,-1,-1,1,0,0,0,-1,-1,-1,1,1,-1
"1,231",Clus 1,G 6,G 2,15,G 1,G 1,G 1,G 1,G 2,G 5,G 10,0,0,-1,0,-1,0,-1,0,1,0,0,-1,0,0,1,0,0,0,-1,-1,0,1,1,0,0,0,0,1,1,0,1,0
"1,254",Clus 2,G 9,G 2,15,G 2,G 2,G 2,G 1,G 1,G 10,G 3,0,-1,0,0,0,0,0,0,1,-1,0,0,0,0,0,0,0,0,-1,0,0,0,1,0,-1,-1,0,1,1,1,-1,-1
"1,273",Clus 4,G 9,G 2,10,G 2,G 1,G 3,G 1,G 4,G 3,G 3,0,-1,0,1,0,0,0,1,0,-1,0,0,0,0,0,0,0,0,-1,0,0,0,1,0,-1,-1,1,0,0,1,-1,-1
"1,277",Clus 3,G 10,G 2,6,G 1,G 2,G 2,G 1,G 1,G 9,G 2,0,0,0,1,-1,0,0,0,0,1,-1,0,0,0,1,0,0,0,0,0,0,1,0,0,1,1,0,0,1,1,1,0
"1,280",Clus 2,G 7,G 1,30,G 2,G 1,G 2,G 1,G 2,G 8,G 4,-1,0,0,0,-1,0,0,0,0,1,0,-1,-1,0,0,0,1,-1,0,-1,0,1,1,0,-1,-1,0,1,1,1,-1,0
"1,303",Clus 3,G 6,G 1,7,G 2,G 2,G 2,G 1,G 1,G 3,G 4,1,0,0,0,0,1,0,1,1,1,-1,0,-1,0,0,1,0,-1,-1,0,0,0,1,0,-1,-1,0,0,1,1,-1,0
"1,360",Clus 1,G 8,G 2,10,G 1,G 1,G 1,G 1,G 2,G 4,G 7,0,0,-1,0,0,0,0,1,1,0,-1,-1,-1,0,0,1,0,0,-1,0,1,0,0,0,1,1,0,1,1,1,1,-1
"1,368",Clus 1,G 5,G 1,15,G 2,G 1,G 1,G 1,G 4,G 1,G 1,-1,0,-1,1,-1,0,0,1,1,0,0,0,0,0,-1,0,0,-1,-1,0,0,0,1,0,-1,0,0,0,1,1,0,0
"1,376",Clus 5,G 10,G 1,5,G 1,G 1,G 1,G 1,G 3,G 6,G 3,0,-1,-1,1,0,-1,-1,1,0,0,0,0,0,0,0,0,0,-1,-1,0,0,0,1,0,-1,0,1,1,1,1,0,-1
"1,383",Clus 2,G 7,G 2,10,G 2,G 1,G 1,G 1,G 4,G 10,G 5,-1,-1,0,0,0,0,-1,0,0,0,0,-1,1,1,0,1,1,1,-1,0,-1,0,0,0,0,-1,1,1,0,1,-1,-1
"1,391",Clus 2,G 6,G 2,20,G 2,G 1,G 1,G 1,G 4,G 6,G 3,0,0,1,0,-1,0,-1,-1,1,0,-1,0,0,0,0,0,0,0,0,0,0,-1,0,0,0,-1,1,1,1,0,-1,-1
"1,395",Clus 1,G 6,G 2,20,G 1,G 1,G 1,G 1,G 3,G 11,G 4,-1,0,0,0,0,0,0,0,0,1,0,0,0,0,0,-1,0,0,-1,0,-1,-1,1,0,1,0,0,0,1,0,0,-1
"1,396",Clus 4,G 8,G 2,20,G 2,G 1,G 2,G 1,G 3,G 2,G 3,-1,-1,0,0,-1,0,0,0,0,1,-1,0,0,0,0,-1,0,0,0,0,0,-1,1,0,0,-1,1,1,0,0,0,-1
"1,406",Clus 4,G 6,G 2,15,G 2,G 1,G 2,G 1,G 2,G 5,G 3,-1,0,0,0,1,0,-1,0,0,1,0,0,0,0,1,-1,-1,-1,-1,0,0,0,1,0,-1,0,1,1,1,0,0,-1
"1,419",Clus 3,G 6,G 2,20,G 1,G 2,G 1,G 2,G 1,G 5,G 4,1,0,0,0,0,-1,0,0,1,1,-1,0,0,0,0,-1,0,0,0,-1,1,-1,1,1,1,0,0,1,0,1,1,-1
"1,425",Clus 3,G 8,G 1,25,G 1,G 2,G 2,G 1,G 1,G 10,G 8,0,0,-1,1,0,0,-1,0,-1,-1,-1,0,0,0,-1,0,-1,0,0,0,0,0,1,0,1,0,1,1,0,1,1,0
"1,435",Clus 3,G 6,G 1,10,G 2,G 2,G 1,G 1,G 2,G 7,G 10,0,0,-1,1,-1,0,0,0,0,1,-1,0,-1,0,0,0,-1,-1,0,1,0,0,1,0,-1,-1,0,1,1,1,0,1
"1,449",Clus 1,G 7,G 2,15,G 1,G 1,G 1,G 1,G 2,G 4,G 5,0,0,0,1,0,-1,1,1,0,1,0,0,0,0,-1,-1,0,-1,-1,-1,-1,-1,0,0,0,1,0,1,0,0,1,0
"1,450",Clus 1,G 4,G 1,12,G 1,G 1,G 1,G 1,G 3,G 4,G 3,-1,0,0,0,-1,0,-1,0,1,0,-1,0,-1,0,0,0,0,-1,-1,0,0,1,1,0,1,1,-1,0,0,1,0,-1
"1,470",Clus 4,G 4,G 2,30,G 2,G 1,G 2,G 1,G 1,G 2,G 4,-1,-1,-1,0,-1,0,-1,0,1,0,0,0,-1,0,0,0,0,-1,0,-1,1,0,1,0,-1,-1,0,1,1,1,-1,-1
"1,471",Clus 1,G 4,G 2,12,G 1,G 1,G 2,G 1,G 2,G 5,G 6,-1,0,-1,-1,0,1,1,0,0,0,1,-1,1,0,0,1,0,0,-1,0,0,0,1,1,-1,-1,0,1,0,0,1,-1
"1,492",Clus 1,G 6,G 2,25,G 1,G 1,G 1,G 1,G 3,G 4,G 3,0,0,-1,-1,0,-1,0,0,1,1,-1,0,-1,0,1,0,0,0,-1,0,1,0,1,0,0,0,0,0,1,0,0,-1
"1,522",Clus 1,G 8,G 2,5,G 1,G 2,G 2,G 1,G 1,G 5,G 2,0,-1,0,0,0,0,0,0,-1,0,-1,-1,-1,0,1,0,0,-1,-1,-1,-1,0,1,0,1,1,0,1,1,1,1,-1
"1,539",Clus 2,G 6,G 2,20,G 1,G 1,G 1,G 1,G 1,G 8,G 10,0,0,-1,0,-1,1,0,0,0,-1,0,-1,0,0,0,1,0,1,-1,0,0,0,0,1,0,-1,0,-1,1,1,0,-1
"1,598",Clus 4,G 9,G 2,10,G 2,G 1,G 2,G 1,G 1,G 4,G 3,-1,0,0,0,0,0,-1,1,1,0,0,0,0,-1,0,-1,0,0,0,-1,0,0,0,0,-1,0,1,1,0,1,-1,0
"1,600",Clus 1,G 3,G 2,15,G 1,G 1,G 1,G 1,G 2,G 7,G 8,0,1,0,0,0,0,0,-1,0,0,0,1,0,-1,1,0,0,0,0,0,1,0,0,-1,0,1,0,0,0,0,0,0
"1,606",Clus 1,G 8,G 2,30,G 1,G 1,G 1,G 3,G 3,G 12,G 17,0,1,-1,1,0,0,0,-1,1,0,0,-1,-1,0,0,0,0,0,-1,-1,0,0,0,0,0,0,0,0,1,0,1,-1
"1,607",Clus 2,G 10,G 1,20,G 1,G 2,G 1,G 2,G 2,G 7,G 3,0,-1,-1,0,-1,0,0,0,1,0,0,-1,-1,0,0,0,0,0,-1,-1,0,0,0,0,0,0,0,0,1,1,1,0
"1,618",Clus 5,G 4,G 1,15,G 1,G 1,G 1,G 1,G 2,G 2,G 4,-1,0,-1,0,0,0,0,1,1,0,0,0,-1,0,0,-1,0,-1,-1,-1,0,0,0,0,1,1,0,1,1,1,0,-1
"1,622",Clus 5,G 7,G 1,10,G 1,G 2,G 1,G 2,G 1,G 2,G 2,0,0,-1,1,0,-1,-1,1,0,0,-1,0,0,0,0,0,0,-1,-1,-1,0,0,1,0,0,0,0,1,1,1,1,-1
"1,639",Clus 4,G 5,G 1,3,G 2,G 1,G 2,G 1,G 2,G 4,G 1,-1,0,-1,1,-1,0,-1,-1,1,0,0,1,0,0,0,-1,-1,-1,-1,0,0,0,0,0,0,-1,1,1,1,0,0,0
"1,642",Clus 4,G 6,G 1,15,G 2,G 1,G 2,G 1,G 1,G 5,G 6,-1,-1,-1,0,0,0,-1,1,0,0,0,0,-1,0,1,0,-1,0,-1,0,0,1,0,1,0,0,0,1,0,0,0,0
"1,644",Clus 1,G 7,G 2,40,G 1,G 1,G 2,G 3,G 2,G 11,G 16,0,0,-1,-1,-1,-1,0,1,0,1,-1,0,0,0,1,-1,0,0,-1,-1,0,1,1,0,0,0,1,0,0,1,1,-1
"1,648",Clus 3,G 5,G 1,20,G 1,G 1,G 1,G 1,G 3,G 4,G 3,0,0,-1,1,0,-1,0,0,0,0,0,0,1,-1,0,0,-1,0,0,0,0,-1,1,0,-1,0,1,0,1,1,1,0
"1,651",Clus 1,G 8,G 2,15,G 1,G 1,G 2,G 1,G 1,G 9,G 5,-1,-1,-1,0,-1,1,0,1,-1,1,0,-1,1,0,0,0,0,0,-1,0,0,0,1,1,0,1,-1,1,1,1,1,0
"1,660",Clus 3,G 6,G 1,5,G 1,G 2,G 1,G 2,G 1,G 4,G 7,1,0,0,0,-1,0,0,1,0,0,0,-1,-1,0,0,0,0,0,-1,0,0,0,1,-1,0,0,1,1,0,1,1,0
"1,667",Clus 3,G 6,G 1,15,G 1,G 2,G 1,G 2,G 1,G 7,G 4,0,-1,-1,0,0,0,0,1,-1,0,0,-1,-1,0,0,0,0,-1,0,0,0,-1,1,-1,0,-1,0,1,0,1,1,0
"1,675",Clus 4,G 8,G 2,20,G 2,G 3,G 3,G 1,G 4,G 3,G 2,0,-1,0,1,0,0,-1,-1,0,0,-1,0,0,0,-1,-1,0,0,0,0,0,0,1,0,-1,0,0,1,0,1,0,-1
"1,686",Clus 4,G 10,G 2,18,G 2,G 1,G 2,G 1,G 2,G 7,G 6,0,0,-1,1,0,-1,0,0,0,0,-1,-1,-1,1,1,0,0,0,-1,0,0,1,0,0,-1,0,0,1,0,1,0,0
"1,695",Clus 2,G 7,G 2,15,G 2,G 1,G 1,G 1,G 4,G 5,G 2,-1,0,0,0,0,0,-1,-1,0,0,-1,0,-1,1,1,0,0,-1,0,0,0,1,1,0,-1,0,1,0,1,0,-1,-1
"1,719",Clus 2,G 9,G 2,20,G 2,G 1,G 1,G 1,G 4,G 6,G 4,0,-1,-1,0,0,0,-1,-1,1,0,0,0,0,0,0,1,1,1,-1,0,1,0,1,0,-1,-1,0,-1,1,0,-1,-1
"1,723",Clus 1,G 6,G 1,20,G 1,G 1,G 1,G 1,G 3,G 6,G 4,-1,-1,-1,0,-1,0,0,0,0,-1,-1,0,-1,0,1,1,0,0,0,0,0,0,0,-1,0,0,0,1,0,0,1,0
"1,731",Clus 1,G 4,G 2,10,G 1,G 1,G 2,G 1,G 3,G 11,G 9,-1,0,-1,1,0,0,1,0,1,0,0,0,-1,0,-1,-1,-1,0,-1,0,0,0,0,0,0,1,1,0,1,0,1,-1
"1,748",Clus 3,G 6,G 1,30,G 1,G 2,G 1,G 2,G 1,G 13,G 3,0,0,-1,1,0,0,-1,0,1,1,-1,0,0,0,-1,0,0,-1,0,-1,0,-1,0,-1,1,0,0,1,1,1,1,-1
"1,752",Clus 3,G 8,G 1,15,G 2,G 2,G 2,G 1,G 1,G 7,G 3,1,0,0,1,0,-1,0,-1,1,1,0,0,-1,0,0,-1,0,-1,0,-1,-1,0,1,0,0,0,1,1,1,1,0,-1
"1,757",Clus 4,G 6,G 1,10,G 2,G 2,G 2,G 1,G 1,G 4,G 4,1,0,0,0,0,0,0,1,0,1,-1,0,0,0,0,-1,0,-1,0,0,1,-1,1,0,-1,-1,0,1,0,0,1,-1
"1,794",Clus 1,G 5,G 2,10,G 1,G 1,G 1,G 1,G 2,G 10,G 9,-1,-1,-1,0,0,1,-1,0,1,0,0,0,-1,0,0,0,0,0,-1,0,0,0,1,0,0,1,1,0,1,1,1,-1
"1,836",Clus 5,G 6,G 2,15,G 1,G 1,G 2,G 1,G 3,G 2,G 1,0,-1,-1,0,1,-1,-1,1,1,0,-1,-1,0,0,0,0,0,1,-1,0,-1,0,1,0,0,-1,0,0,1,0,1,-1
"1,838",Clus 4,G 7,G 2,30,G 2,G 2,G 2,G 1,G 1,G 4,G 8,0,-1,-1,1,0,0,-1,0,0,1,-1,-1,0,1,-1,0,0,-1,-1,0,0,0,1,0,0,1,1,1,0,1,0,-1
"1,855",Clus 2,G 8,G 2,12,G 2,G 1,G 2,G 1,G 4,G 8,G 3,-1,0,0,-1,0,0,0,0,1,1,-1,0,1,0,0,0,0,0,-1,0,0,-1,1,1,-1,-1,1,0,0,1,0,-1
"1,864",Clus 3,G 8,G 2,15,G 2,G 2,G 2,G 1,G 1,G 6,G 2,0,0,0,1,-1,-1,0,0,0,0,1,-1,0,0,1,0,0,-1,-1,0,0,0,0,0,0,0,1,1,1,1,0,-1
"1,872",Clus 4,G 10,G 2,15,G 2,G 2,G 3,G 1,G 1,G 7,G 5,0,0,0,1,0,0,-1,0,1,0,-1,0,0,0,1,0,1,0,0,1,0,0,1,0,-1,-1,1,0,1,1,0,-1
"1,881",Clus 4,G 10,G 2,15,G 2,G 2,G 2,G 1,G 3,G 3,G 1,0,-1,-1,0,-1,0,-1,1,0,1,-1,-1,0,1,0,-1,0,0,-1,0,0,1,1,0,0,-1,1,1,1,1,-1,-1
"1,889",Clus 2,G 6,G 2,14,G 2,G 1,G 1,G 1,G 2,G 7,G 8,0,0,-1,1,0,0,-1,0,1,0,-1,1,0,0,0,-1,0,0,-1,-1,1,0,1,0,0,0,0,-1,1,1,0,-1
"1,943",Clus 2,G 5,G 2,10,G 2,G 2,G 2,G 1,G 1,G 4,G 2,0,-1,0,1,0,1,0,0,1,0,0,0,0,0,0,-1,0,-1,-1,0,0,0,0,0,-1,-1,0,0,1,0,-1,-1
"1,947",Clus 3,G 6,G 2,20,G 1,G 2,G 1,G 1,G 3,G 7,G 3,0,0,0,0,0,0,-1,1,1,0,0,0,0,-1,-1,-1,-1,0,0,0,0,0,0,0,1,0,0,1,1,1,1,-1
"1,948",Clus 1,G 5,G 1,50,G 1,G 1,G 1,G 3,G 3,G 10,G 11,0,0,0,0,0,-1,0,0,1,-1,0,1,0,0,0,0,0,0,0,-1,0,-1,0,0,0,1,0,0,0,0,0,1
"1,951",Clus 4,G 10,G 1,15,G 2,G 1,G 2,G 1,G 3,G 11,G 3,0,0,0,0,0,0,0,1,0,0,0,1,0,0,0,-1,0,-1,-1,1,1,0,0,0,-1,-1,0,0,1,1,-1,-1
"1,953",Clus 2,G 4,G 2,5,G 1,G 1,G 1,G 1,G 3,G 11,G 6,-1,-1,0,0,0,0,0,-1,1,1,0,0,0,-1,0,-1,-1,0,-1,0,0,0,0,0,0,0,0,1,1,1,1,-1
"1,959",Clus 3,G 7,G 1,10,G 2,G 2,G 2,G 1,G 1,G 3,G 8,0,0,0,1,0,0,0,0,0,0,-1,0,0,0,-1,-1,0,0,-1,0,1,0,1,0,0,0,0,1,1,0,0,-1
"1,975",Clus 4,G 5,G 2,40,G 2,G 1,G 2,G 1,G 1,G 11,G 15,0,-1,-1,0,0,0,0,0,0,0,-1,0,0,-1,0,0,-1,0,0,0,1,0,0,0,-1,-1,0,1,0,1,0,-1
"1,985",Clus 5,G 7,G 2,20,G 1,G 2,G 1,G 1,G 3,G 3,G 3,1,-1,-1,0,0,1,-1,0,0,0,-1,-1,0,0,0,1,0,0,0,-1,1,0,0,0,0,0,0,1,1,0,1,-1
"1,994",Clus 4,G 10,G 2,20,G 2,G 1,G 1,G 1,G 4,G 10,G 4,0,-1,-1,1,0,0,0,0,1,0,-1,0,0,0,0,0,0,0,-1,0,0,0,1,0,-1,-1,0,1,0,0,-1,0
"2,001",Clus 4,G 5,G 2,6,G 2,G 2,G 2,G 1,G 1,G 2,G 1,0,0,0,1,1,0,0,1,1,1,-1,0,0,0,0,0,0,-1,-1,-1,0,0,1,0,-1,-1,1,0,0,1,-1,0
"2,047",Clus 2,G 10,G 2,15,G 2,G 2,G 2,G 1,G 4,G 1,G 1,0,0,0,0,0,0,0,0,1,0,0,0,-1,0,0,0,0,1,-1,0,0,1,1,0,0,-1,0,0,1,1,-1,-1
"2,055",Clus 1,G 7,G 1,20,G 1,G 1,G 2,G 1,G 2,G 3,G 4,-1,-1,-1,0,0,0,-1,0,0,0,-1,0,0,0,0,0,0,0,0,-1,0,0,1,0,0,0,0,1,1,1,1,-1
"2,073",Clus 1,G 5,G 2,15,G 1,G 1,G 1,G 1,G 3,G 1,G 2,-1,-1,-1,0,0,0,0,0,0,0,0,-1,1,1,0,0,0,0,0,-1,0,-1,0,1,0,1,0,0,1,1,1,-1
"2,081",Clus 5,G 5,G 1,10,G 1,G 2,G 1,G 2,G 1,G 4,G 3,0,0,-1,0,0,0,0,0,1,1,-1,-1,-1,1,0,0,0,1,0,-1,0,0,1,0,-1,-1,1,0,1,1,1,-1
"2,111",Clus 3,G 8,G 2,5,G 2,G 2,G 2,G 1,G 2,G 4,G 1,0,0,0,1,0,1,0,1,0,0,0,-1,-1,-1,1,0,0,0,-1,0,0,0,1,1,0,0,1,1,0,1,0,-1
"2,172",Clus 3,G 6,G 1,5,G 1,G 2,G 1,G 3,G 1,G 3,G 1,0,0,0,1,0,0,0,1,0,0,0,-1,-1,0,0,0,0,-1,1,-1,0,0,1,0,0,0,0,1,0,0,1,0
"2,203",Clus 4,G 10,G 2,20,G 2,G 2,G 2,G 1,G 1,G 9,G 3,0,0,0,1,0,1,0,0,0,0,0,1,-1,0,0,-1,0,0,-1,0,0,0,1,0,-1,-1,0,1,1,0,0,0
"2,205",Clus 4,G 8,G 2,30,G 2,G 2,G 2,G 1,G 1,G 8,G 5,0,0,-1,0,0,0,0,1,0,0,0,0,-1,0,0,-1,-1,0,0,0,1,-1,1,-1,0,0,0,1,0,1,0,-1
"2,224",Clus 1,G 6,G 2,40,G 1,G 1,G 1,G 1,G 3,G 4,G 4,-1,0,0,0,-1,0,0,-1,1,0,0,0,0,-1,0,-1,0,0,-1,-1,0,1,1,0,1,1,0,-1,0,0,0,0
"2,226",Clus 2,G 10,G 2,20,G 2,G 2,G 2,G 1,G 1,G 11,G 8,0,-1,0,0,-1,0,0,1,1,0,-1,0,-1,-1,1,0,0,1,-1,-1,0,1,1,0,-1,-1,0,0,1,1,0,-1
"2,240",Clus 5,G 6,G 2,20,G 1,G 1,G 2,G 1,G 3,G 6,G 4,0,-1,-1,1,0,0,0,0,0,0,-1,0,0,-1,0,0,-1,-1,0,0,1,0,0,0,0,0,0,1,1,1,0,-1
"2,247",Clus 4,G 7,G 1,15,G 2,G 2,G 2,G 1,G 1,G 2,G 3,0,0,-1,1,0,0,0,0,0,0,0,0,0,-1,1,0,0,-1,-1,0,0,0,0,0,0,-1,0,0,1,1,-1,-1
"2,253",Clus 1,G 5,G 2,15,G 1,G 1,G 1,G 1,G 1,G 2,G 5,0,0,0,1,1,0,-1,-1,0,-1,1,0,-1,0,0,-1,0,0,0,0,0,-1,1,-1,-1,0,0,-1,1,0,1,0
"2,262",Clus 4,G 9,G 2,14,G 2,G 1,G 1,G 1,G 2,G 11,G 6,-1,-1,-1,0,1,0,0,0,0,0,-1,0,0,-1,0,-1,0,1,-1,-1,0,0,1,0,-1,-1,1,0,1,1,-1,-1
"2,272",Clus 4,G 7,G 2,20,G 2,G 2,G 2,G 1,G 3,G 2,G 3,0,-1,-1,1,0,0,-1,1,0,1,0,0,0,0,0,0,-1,0,0,0,1,0,1,0,-1,-1,0,1,1,0,0,0
"2,280",Clus 1,G 5,G 2,20,G 1,G 2,G 1,G 2,G 2,G 7,G 7,0,0,-1,0,-1,-1,-1,0,1,0,0,-1,-1,0,0,-1,0,-1,-1,0,0,0,1,0,1,0,0,0,1,1,1,0
"2,281",Clus 1,G 5,G 2,10,G 1,G 1,G 1,G 1,G 3,G 11,G 11,0,-1,0,1,0,0,0,0,1,0,-1,-1,-1,-1,0,-1,0,0,-1,0,0,0,1,0,0,1,1,1,1,1,1,-1
"2,292",Clus 5,G 5,G 2,15,G 1,G 1,G 1,G 1,G 3,G 3,G 2,0,-1,-1,1,0,0,-1,0,0,1,0,0,0,0,-1,-1,-1,0,-1,1,0,0,1,0,1,1,0,0,0,0,1,-1
"2,296",Clus 2,G 7,G 1,10,G 2,G 1,G 1,G 1,G 3,G 6,G 3,-1,-1,-1,0,0,0,0,1,0,1,0,0,1,0,0,-1,0,-1,0,0,0,0,1,0,-1,-1,1,1,1,1,0,0
"2,367",Clus 1,G 5,G 2,15,G 1,G 1,G 1,G 3,G 3,G 5,G 3,0,0,0,0,-1,0,-1,1,1,0,0,-1,-1,-1,0,0,0,-1,0,0,0,-1,0,-1,0,0,0,-1,1,0,0,-1
"2,370",Clus 1,G 6,G 1,8,G 1,G 2,G 1,G 2,G 2,G 4,G 3,0,0,0,0,0,0,0,1,-1,0,-1,-1,-1,1,-1,0,-1,-1,0,0,0,0,0,-1,-1,-1,-1,1,0,0,1,0
"2,394",Clus 4,G 7,G 2,20,G 2,G 2,G 2,G 1,G 1,G 3,G 3,-1,-1,0,0,-1,-1,0,1,0,0,0,0,0,0,0,-1,0,-1,0,1,1,-1,1,0,-1,-1,1,1,1,1,0,-1
"2,399",Clus 3,G 6,G 1,15,G 1,G 2,G 2,G 1,G 1,G 8,G 2,1,-1,0,0,-1,-1,-1,0,0,1,0,0,-1,1,0,-1,0,-1,0,1,1,-1,1,0,-1,-1,1,1,1,1,1,-1
"2,412",Clus 4,G 10,G 2,10,G 2,G 1,G 2,G 1,G 2,G 3,G 3,-1,0,-1,0,0,-1,-1,1,0,-1,-1,0,0,0,0,0,-1,-1,0,1,0,-1,1,0,-1,0,0,1,1,1,0,-1
"2,417",Clus 1,G 5,G 2,15,G 1,G 1,G 1,G 1,G 4,G 9,G 6,-1,0,0,0,0,0,1,0,1,0,0,-1,1,0,0,0,1,0,0,-1,1,0,0,1,0,1,-1,0,-1,-1,0,0
"2,428",Clus 4,G 9,G 2,10,G 2,G 1,G 2,G 3,G 2,G 5,G 2,1,0,0,1,-1,0,-1,0,0,0,-1,-1,0,0,1,0,0,0,-1,0,0,1,1,0,-1,0,0,1,1,1,-1,-1
"2,450",Clus 4,G 9,G 2,15,G 2,G 1,G 2,G 1,G 4,G 9,G 4,1,-1,-1,0,0,-1,0,0,0,0,0,0,0,1,0,-1,-1,0,-1,-1,0,0,0,1,-1,0,0,0,1,0,-1,-1
"2,454",Clus 2,G 6,G 2,20,G 1,G 1,G 1,G 1,G 3,G 5,G 4,-1,-1,-1,0,0,0,0,0,1,1,0,-1,1,0,0,0,-1,0,-1,0,0,0,0,1,-1,1,1,0,1,-1,1,0
"2,470",Clus 4,G 10,G 2,20,G 2,G 1,G 2,G 3,G 1,G 8,G 5,0,0,0,1,0,1,-1,0,-1,1,0,0,0,0,1,0,-1,0,-1,-1,1,0,1,0,-1,-1,1,1,0,1,-1,0
"2,473",Clus 3,G 4,G 1,10,G 1,G 2,G 1,G 2,G 1,G 2,G 3,0,-1,0,0,0,0,0,1,0,-1,-1,0,0,0,0,0,0,-1,1,0,1,0,1,-1,0,0,1,1,0,0,0,-1
"2,503",Clus 2,G 10,G 2,6,G 2,G 1,G 1,G 1,G 2,G 9,G 9,-1,0,0,1,0,0,0,0,1,0,0,-1,0,0,0,0,1,1,0,0,0,0,0,-1,-1,-1,1,1,1,1,-1,-1
"2,504",Clus 2,G 9,G 2,15,G 2,G 2,G 2,G 1,G 1,G 5,G 1,1,-1,0,1,-1,0,0,0,0,1,0,0,0,-1,0,0,0,1,-1,0,0,1,1,0,-1,-1,0,-1,0,1,-1,-1
"2,535",Clus 3,G 7,G 1,20,G 2,G 2,G 2,G 1,G 1,G 3,G 1,0,0,0,1,-1,-1,-1,1,0,1,-1,0,0,1,0,-1,-1,-1,0,0,0,0,0,0,0,0,0,1,1,1,0,0
"2,536",Clus 2,G 7,G 2,40,G 2,G 1,G 2,G 1,G 3,G 7,G 7,0,-1,0,0,0,0,0,-1,1,-1,0,0,-1,1,1,0,1,0,-1,-1,1,0,1,0,0,-1,0,0,1,-1,-1,-1
"2,542",Clus 2,G 7,G 2,12,G 2,G 1,G 1,G 1,G 4,G 2,G 2,0,0,-1,0,0,0,-1,-1,1,-1,-1,0,0,0,0,0,0,1,-1,0,0,0,0,0,0,0,1,1,1,1,0,-1
"2,567",Clus 4,G 10,G 2,15,G 2,G 1,G 2,G 1,G 2,G 10,G 6,0,-1,0,1,0,0,0,1,0,0,0,0,-1,0,0,0,0,0,0,1,1,0,1,0,-1,-1,0,1,1,0,-1,-1
"2,568",Clus 5,G 4,G 2,20,G 1,G 2,G 2,G 1,G 1,G 2,G 6,0,0,0,0,0,0,0,1,1,1,0,0,-1,0,0,-1,0,-1,-1,0,0,0,0,-1,0,1,-1,1,1,1,0,-1
"2,574",Clus 4,G 9,G 2,10,G 2,G 2,G 2,G 1,G 4,G 9,G 4,0,0,-1,0,0,0,0,0,1,0,-1,1,-1,0,0,-1,0,-1,0,0,0,0,1,0,0,0,0,1,1,0,-1,-1
"2,582",Clus 2,G 8,G 2,20,G 2,G 1,G 2,G 1,G 2,G 4,G 5,0,-1,-1,0,0,0,0,0,1,0,0,-1,0,1,0,1,0,1,0,0,1,1,0,0,-1,0,-1,1,1,1,-1,0
"2,583",Clus 4,G 10,G 2,25,G 2,G 1,G 2,G 1,G 3,G 7,G 3,0,0,-1,0,0,0,0,0,1,0,-1,0,0,1,0,0,0,0,0,-1,0,1,0,0,-1,-1,1,1,1,1,-1,0
"2,597",Clus 4,G 8,G 2,5,G 2,G 2,G 2,G 1,G 1,G 4,G 2,0,-1,-1,0,0,0,0,0,0,0,-1,-1,-1,0,0,0,0,0,-1,0,0,1,1,0,-1,-1,1,1,1,1,-1,-1
"2,600",Clus 1,G 6,G 2,30,G 1,G 1,G 1,G 1,G 1,G 1,G 6,-1,-1,0,0,0,0,1,1,0,0,0,-1,1,0,0,-1,0,0,-1,-1,-1,0,0,0,0,1,0,1,0,1,1,-1
"2,622",Clus 3,G 6,G 1,5,G 1,G 2,G 1,G 2,G 1,G 4,G 5,0,0,0,0,-1,-1,0,1,0,0,0,-1,-1,0,0,0,-1,-1,-1,0,0,0,1,-1,1,0,0,1,1,1,1,0
"2,648",Clus 1,G 6,G 2,20,G 1,G 1,G 1,G 3,G 1,G 5,G 3,-1,0,-1,0,0,-1,0,1,1,0,0,-1,-1,0,0,0,1,0,-1,0,0,0,0,-1,0,1,0,1,1,1,1,-1
"2,650",Clus 2,G 4,G 1,3,G 1,G 1,G 1,G 1,G 3,G 5,G 2,-1,-1,-1,1,0,0,0,0,1,0,0,-1,0,0,-1,0,0,-1,-1,0,0,-1,1,1,0,0,0,1,1,0,1,-1
"2,668",Clus 5,G 6,G 2,25,G 1,G 1,G 1,G 1,G 2,G 9,G 4,0,-1,0,1,0,0,0,0,1,1,0,0,-1,0,0,1,0,-1,-1,-1,-1,-1,0,-1,0,0,0,0,1,1,1,-1
"2,671",Clus 5,G 3,G 2,30,G 1,G 1,G 1,G 1,G 3,G 10,G 4,-1,-1,-1,0,0,0,0,-1,0,0,-1,0,-1,1,0,0,0,0,-1,0,1,-1,1,0,0,0,0,0,1,0,1,-1
"2,686",Clus 4,G 7,G 2,15,G 2,G 1,G 1,G 1,G 4,G 3,G 2,0,-1,-1,0,1,-1,0,0,0,0,0,-1,0,1,0,0,1,1,-1,0,1,0,1,0,-1,-1,0,1,0,0,-1,-1
"2,687",Clus 3,G 6,G 2,15,G 1,G 1,G 1,G 1,G 3,G 1,G 6,0,0,0,0,0,0,0,1,1,0,0,0,0,-1,0,-1,0,-1,-1,-1,0,0,1,0,1,-1,0,1,0,0,1,-1
"2,721",Clus 1,G 6,G 2,6,G 1,G 1,G 1,G 1,G 4,G 1,G 3,0,0,0,0,0,1,0,0,1,-1,0,-1,0,-1,0,0,0,1,-1,0,0,0,0,0,0,0,0,-1,1,0,1,-1
"2,734",Clus 4,G 6,G 2,30,G 2,G 1,G 1,G 1,G 2,G 3,G 6,0,0,-1,1,1,0,1,1,1,1,-1,0,0,0,0,-1,0,0,0,0,-1,-1,1,0,-1,0,1,1,0,1,-1,-1
"2,749",Clus 5,G 4,G 2,20,G 1,G 1,G 2,G 1,G 2,G 9,G 4,-1,0,0,1,-1,0,0,0,1,0,-1,0,0,0,-1,-1,0,0,-1,-1,-1,0,1,0,1,1,1,-1,1,0,0,-1
"2,775",Clus 1,G 6,G 2,20,G 1,G 1,G 2,G 1,G 2,G 5,G 3,-1,0,0,1,0,0,0,0,0,1,0,0,0,0,0,0,0,0,-1,-1,0,-1,1,0,1,0,0,1,0,1,1,-1
"2,776",Clus 3,G 6,G 1,4,G 1,G 1,G 1,G 1,G 3,G 3,G 3,0,0,0,1,0,0,-1,1,1,1,0,0,-1,0,0,-1,-1,-1,-1,-1,0,0,0,0,1,1,1,1,-1,0,1,-1
"2,779",Clus 4,G 10,G 2,25,G 2,G 1,G 2,G 1,G 2,G 6,G 5,0,0,-1,1,0,0,0,1,0,1,0,0,0,0,0,-1,-1,0,0,0,1,1,1,0,-1,-1,0,1,0,1,-1,-1
"2,798",Clus 1,G 5,G 2,10,G 1,G 1,G 1,G 3,G 3,G 2,G 2,0,-1,-1,1,1,0,0,0,0,1,0,-1,-1,0,0,0,-1,0,-1,1,0,-1,0,0,1,1,-1,1,1,0,1,-1
"2,816",Clus 2,G 9,G 2,25,G 2,G 2,G 2,G 1,G 3,G 7,G 6,1,-1,0,0,0,0,1,1,1,-1,0,0,0,0,0,0,0,1,-1,-1,1,0,0,0,-1,-1,0,0,1,0,-1,-1
"2,831",Clus 4,G 8,G 2,20,G 2,G 1,G 2,G 1,G 3,G 3,G 1,0,-1,0,0,-1,0,0,0,1,0,0,-1,1,1,0,0,0,0,-1,0,1,0,1,0,-1,-1,1,0,0,1,-1,0
"2,863",Clus 3,G 6,G 2,10,G 1,G 1,G 2,G 1,G 2,G 2,G 3,-1,0,0,0,-1,0,0,0,1,-1,0,0,0,0,1,-1,0,-1,-1,-1,0,-1,1,0,0,0,0,1,1,1,1,-1
"2,883",Clus 4,G 10,G 2,15,G 2,G 2,G 2,G 1,G 4,G 3,G 3,1,-1,-1,0,0,0,-1,0,1,1,-1,0,0,0,0,-1,-1,0,-1,0,0,0,0,0,0,0,1,1,1,0,1,0
"2,887",Clus 3,G 6,G 1,5,G 1,G 2,G 2,G 1,G 1,G 3,G 1,1,0,-1,0,-1,1,0,1,-1,0,0,0,-1,0,0,-1,-1,0,0,0,0,-1,1,0,0,1,0,1,0,0,1,-1
"2,921",Clus 1,G 5,G 2,15,G 1,G 1,G 1,G 1,G 2,G 3,G 5,0,-1,0,0,-1,0,0,1,1,0,-1,0,0,0,0,0,0,0,-1,0,-1,-1,1,0,0,1,0,1,1,1,1,-1
"3,005",Clus 2,G 10,G 2,10,G 2,G 1,G 1,G 1,G 4,G 10,G 4,0,0,0,0,0,0,0,0,1,-1,0,0,-1,1,0,0,1,0,-1,0,0,1,1,0,-1,0,0,0,0,0,0,-1
"3,039",Clus 1,G 6,G 1,7,G 1,G 1,G 1,G 1,G 3,G 5,G 5,-1,-1,1,0,0,-1,0,0,1,0,0,0,-1,0,1,0,0,0,0,-1,-1,0,1,-1,0,1,1,1,1,0,1,-1
"3,054",Clus 4,G 7,G 2,30,G 2,G 2,G 2,G 1,G 1,G 2,G 1,1,-1,-1,0,0,-1,0,0,1,1,0,0,0,0,0,1,0,0,0,0,0,1,0,0,-1,-1,0,0,0,1,0,0
"3,058",Clus 4,G 10,G 2,20,G 2,G 1,G 2,G 1,G 2,G 6,G 6,0,-1,-1,0,0,0,0,0,1,1,0,0,0,0,0,0,0,1,0,-1,-1,1,1,0,-1,-1,1,1,1,1,-1,-1
"3,064",Clus 1,G 6,G 1,3,G 1,G 1,G 1,G 1,G 3,G 5,G 1,-1,-1,0,1,0,1,0,0,-1,-1,0,0,0,0,1,1,0,-1,0,0,-1,0,1,0,-1,-1,0,1,0,0,1,-1
"3,065",Clus 4,G 8,G 2,1,G 2,G 1,G 2,G 1,G 2,G 2,G 1,0,0,-1,1,0,-1,1,0,1,0,0,0,0,0,1,-1,0,-1,0,-1,0,0,0,0,-1,-1,1,1,1,0,0,-1
"3,067",Clus 5,G 6,G 2,30,G 2,G 1,G 1,G 1,G 4,G 6,G 4,-1,-1,-1,0,0,0,0,0,1,-1,0,-1,0,0,0,1,0,1,-1,-1,0,1,1,0,0,0,1,1,1,1,0,-1
"3,074",Clus 1,G 6,G 1,20,G 2,G 2,G 1,G 1,G 3,G 8,G 16,0,0,-1,0,0,1,0,0,-1,0,-1,0,-1,0,1,0,0,-1,1,0,0,1,1,-1,-1,-1,0,1,0,-1,0,0
"3,087",Clus 2,G 5,G 2,15,G 2,G 2,G 2,G 1,G 3,G 5,G 2,0,0,0,0,0,1,-1,-1,0,0,0,-1,0,1,0,0,0,0,-1,0,0,0,1,1,-1,-1,0,0,1,0,0,-1
"3,088",Clus 1,G 4,G 2,6,G 1,G 1,G 1,G 3,G 3,G 7,G 3,-1,-1,-1,0,0,0,0,-1,1,0,-1,-1,-1,0,0,0,0,0,-1,0,0,1,1,0,0,0,0,1,1,0,1,-1
"3,109",Clus 3,G 6,G 1,10,G 2,G 2,G 1,G 1,G 1,G 2,G 1,0,0,0,0,0,0,-1,1,1,0,0,-1,-1,0,-1,0,0,-1,1,0,0,0,0,0,0,0,0,1,1,1,0,-1
"3,116",Clus 3,G 5,G 1,1,G 1,G 1,G 1,G 1,G 3,G 4,G 2,0,0,0,0,-1,0,0,1,0,1,0,0,-1,-1,0,-1,0,-1,-1,0,-1,0,1,-1,1,1,0,1,-1,1,1,0
"3,123",Clus 3,G 5,G 2,20,G 1,G 2,G 1,G 1,G 3,G 2,G 3,1,-1,0,0,-1,0,0,0,1,1,0,0,0,0,1,0,0,-1,0,0,0,0,1,0,-1,0,0,1,1,1,1,-1
"3,141",Clus 2,G 6,G 2,20,G 2,G 1,G 2,G 1,G 1,G 6,G 10,0,0,0,0,-1,0,1,0,1,1,-1,-1,-1,0,0,0,0,0,-1,0,0,1,1,-1,-1,-1,1,1,1,1,0,-1
"3,160",Clus 1,G 6,G 1,15,G 2,G 1,G 1,G 1,G 4,G 6,G 2,0,0,0,0,0,0,0,1,1,0,-1,-1,0,0,0,-1,0,-1,-1,-1,0,0,1,0,0,1,1,1,0,0,1,-1
"3,180",Clus 3,G 6,G 1,10,G 1,G 1,G 2,G 1,G 3,G 3,G 2,0,-1,0,0,0,-1,0,1,1,0,0,1,-1,0,-1,0,0,0,0,0,0,-1,0,-1,1,1,0,0,1,0,1,-1
"3,184",Clus 4,G 7,G 2,20,G 2,G 1,G 2,G 1,G 1,G 5,G 3,-1,-1,-1,0,-1,1,-1,0,0,0,-1,0,0,1,0,0,0,0,-1,0,1,0,0,1,-1,0,0,1,1,1,-1,-1
"3,206",Clus 5,G 6,G 2,20,G 1,G 2,G 1,G 2,G 1,G 4,G 4,1,0,0,0,0,-1,1,0,1,1,0,0,-1,0,0,0,-1,-1,-1,0,0,0,1,0,0,0,0,1,1,1,1,-1
"3,207",Clus 1,G 7,G 2,3,G 2,G 1,G 1,G 1,G 4,G 2,G 1,0,-1,0,0,0,-1,0,0,-1,0,0,0,0,0,1,0,1,0,0,-1,0,-1,0,0,0,-1,-1,1,0,0,0,0
"3,230",Clus 1,G 6,G 2,30,G 1,G 1,G 2,G 1,G 1,G 8,G 4,0,-1,-1,0,-1,0,-1,0,0,1,-1,0,0,1,0,0,0,0,0,-1,0,1,0,0,0,0,1,1,1,1,0,-1
"3,233",Clus 3,G 3,G 1,10,G 1,G 1,G 2,G 1,G 4,G 7,G 1,0,-1,-1,1,0,0,-1,1,0,0,-1,0,0,-1,-1,0,0,0,0,1,-1,0,1,0,0,0,0,1,1,1,1,-1
"3,249",Clus 1,G 4,G 1,10,G 1,G 2,G 1,G 1,G 3,G 5,G 3,0,-1,0,0,0,-1,-1,0,0,0,1,0,0,1,0,0,0,1,0,1,0,-1,0,-1,1,0,-1,0,1,0,0,0
"3,251",Clus 3,G 6,G 1,4,G 1,G 2,G 1,G 1,G 3,G 2,G 1,1,0,-1,1,0,0,-1,1,0,0,-1,-1,0,-1,0,0,-1,-1,-1,-1,0,0,1,0,1,0,1,1,0,1,1,-1
"3,253",Clus 2,G 5,G 2,20,G 1,G 1,G 1,G 1,G 3,G 4,G 4,-1,-1,0,0,0,0,0,0,1,0,0,-1,0,-1,0,0,0,-1,-1,0,0,0,1,0,0,0,0,1,1,0,1,-1
"3,259",Clus 1,G 9,G 2,20,G 2,G 2,G 2,G 1,G 1,G 5,G 2,0,-1,-1,0,0,0,-1,1,0,0,-1,0,0,1,0,-1,0,0,-1,1,1,0,0,0,1,1,0,1,1,1,1,-1
"3,266",Clus 3,G 5,G 1,15,G 1,G 2,G 1,G 3,G 1,G 7,G 1,0,1,-1,0,0,0,0,0,0,0,0,0,0,0,0,-1,0,-1,-1,-1,1,0,0,0,1,1,1,1,0,1,1,-1
"3,276",Clus 3,G 8,G 1,15,G 2,G 2,G 2,G 1,G 3,G 4,G 2,1,-1,-1,0,0,-1,-1,-1,0,0,0,0,-1,0,0,-1,0,-1,-1,0,0,-1,1,0,0,0,1,1,0,0,1,-1
"3,277",Clus 3,G 7,G 1,3,G 2,G 1,G 1,G 1,G 3,G 2,G 7,0,0,0,0,-1,0,0,0,0,-1,0,0,-1,0,0,-1,0,-1,0,0,0,-1,1,0,0,0,0,1,0,1,0,-1
"3,291",Clus 4,G 10,G 2,15,G 2,G 2,G 2,G 1,G 2,G 10,G 3,-1,0,0,0,-1,0,0,0,0,-1,0,0,-1,0,0,0,1,0,-1,-1,0,0,1,0,-1,-1,1,0,0,1,-1,-1
"3,293",Clus 5,G 6,G 2,10,G 1,G 1,G 1,G 1,G 3,G 4,G 4,0,-1,-1,0,0,-1,-1,0,1,0,0,-1,0,0,0,0,0,0,-1,0,0,0,1,0,0,0,1,0,0,1,1,-1
"3,321",Clus 3,G 5,G 1,10,G 1,G 2,G 2,G 1,G 1,G 4,G 1,1,0,-1,0,0,-1,-1,1,0,0,-1,0,-1,-1,-1,0,-1,0,0,0,-1,1,1,-1,1,1,0,0,0,1,0,0
"3,337",Clus 3,G 6,G 1,10,G 1,G 2,G 2,G 1,G 1,G 2,G 1,0,0,0,0,-1,0,-1,0,0,-1,0,0,-1,0,1,1,-1,-1,0,-1,1,-1,1,0,1,0,0,1,0,1,1,-1
"3,346",Clus 2,G 3,G 2,5,G 2,G 1,G 2,G 1,G 2,G 7,G 3,-1,-1,-1,0,1,0,0,0,1,-1,0,-1,-1,1,0,0,0,0,0,0,1,-1,1,0,0,0,0,0,0,0,0,0
"3,353",Clus 5,G 9,G 2,10,G 2,G 1,G 2,G 1,G 1,G 11,G 6,0,0,-1,1,0,0,0,1,1,0,0,0,0,0,0,0,-1,-1,-1,0,0,-1,0,1,0,0,1,1,1,1,0,-1
"3,359",Clus 1,G 3,G 1,10,G 1,G 1,G 1,G 1,G 2,G 4,G 1,-1,0,-1,0,0,-1,1,-1,0,1,0,0,0,0,0,0,0,-1,0,1,0,-1,0,0,0,1,0,1,1,1,0,-1
"3,369",Clus 4,G 8,G 2,20,G 2,G 1,G 2,G 1,G 1,G 6,G 1,-1,-1,-1,1,0,0,0,0,1,-1,-1,0,-1,1,0,0,0,-1,0,1,0,0,1,0,-1,0,1,0,1,1,0,0
"3,389",Clus 3,G 6,G 2,10,G 1,G 2,G 2,G 1,G 1,G 6,G 1,0,0,-1,0,0,-1,0,1,1,1,0,1,-1,0,0,-1,0,0,0,0,0,0,0,-1,1,1,1,1,1,1,1,-1
"3,395",Clus 3,G 6,G 1,7,G 1,G 1,G 1,G 1,G 2,G 5,G 2,0,0,-1,1,0,0,0,1,0,0,-1,0,-1,-1,0,-1,0,-1,0,-1,0,0,0,0,1,0,0,0,1,1,1,0
"3,412",Clus 5,G 9,G 2,6,G 2,G 1,G 1,G 1,G 2,G 4,G 5,0,0,0,1,-1,0,1,0,0,0,-1,0,0,0,0,0,0,1,-1,0,-1,0,1,-1,-1,0,0,1,1,1,0,-1
"3,423",Clus 5,G 6,G 1,6,G 1,G 2,G 2,G 1,G 1,G 1,G 1,1,0,-1,0,1,0,-1,0,0,0,-1,0,0,0,0,-1,0,-1,-1,0,0,0,1,0,-1,-1,0,0,1,1,1,-1
"3,424",Clus 4,G 10,G 2,30,G 2,G 1,G 2,G 1,G 2,G 3,G 3,-1,-1,-1,0,0,0,-1,0,1,0,-1,0,0,0,1,-1,0,0,-1,0,0,0,1,0,0,0,0,1,1,1,0,-1
"3,427",Clus 4,G 6,G 2,10,G 2,G 2,G 2,G 1,G 1,G 6,G 4,-1,-1,-1,0,-1,-1,0,1,1,-1,0,-1,-1,-1,1,0,0,0,-1,0,0,0,1,0,0,0,1,1,1,1,1,-1
"3,433",Clus 2,G 10,G 2,20,G 2,G 1,G 2,G 1,G 3,G 2,G 3,-1,-1,0,0,0,0,-1,0,1,0,-1,0,0,1,0,-1,1,0,-1,0,0,0,0,0,-1,0,-1,1,1,1,-1,-1
"3,447",Clus 3,G 9,G 1,5,G 2,G 2,G 2,G 1,G 3,G 8,G 2,1,0,0,0,0,0,-1,0,0,1,0,0,0,0,0,0,-1,-1,0,-1,1,0,1,0,-1,-1,0,1,0,1,0,0
"3,463",Clus 1,G 6,G 2,20,G 1,G 1,G 1,G 1,G 3,G 4,G 3,-1,-1,-1,1,0,0,-1,-1,1,1,-1,-1,0,1,0,-1,0,-1,-1,0,0,1,1,0,0,1,0,0,1,0,1,-1
"3,464",Clus 3,G 6,G 1,15,G 1,G 2,G 1,G 2,G 1,G 9,G 5,0,1,-1,0,0,0,-1,0,0,0,-1,0,-1,-1,0,0,0,-1,1,0,0,-1,1,-1,0,1,0,0,0,1,1,-1
"3,494",Clus 4,G 7,G 2,30,G 2,G 1,G 2,G 1,G 3,G 7,G 2,0,-1,-1,1,0,0,0,0,0,0,0,0,0,0,0,0,0,0,0,0,1,0,1,0,0,-1,0,0,1,0,-1,-1
"3,497",Clus 2,G 7,G 2,20,G 2,G 1,G 1,G 1,G 3,G 7,G 14,-1,-1,-1,0,0,0,0,0,1,0,0,0,0,0,1,0,0,1,0,-1,-1,0,1,1,0,0,0,1,1,1,-1,-1
"3,506",Clus 3,G 10,G 2,15,G 2,G 2,G 2,G 1,G 1,G 2,G 2,0,0,0,-1,-1,0,0,1,1,0,0,0,0,0,0,0,0,-1,-1,0,0,0,1,1,0,-1,1,1,0,1,0,0
"3,507",Clus 2,G 4,G 2,5,G 2,G 1,G 1,G 1,G 2,G 3,G 5,-1,-1,-1,1,0,0,0,1,0,0,0,0,0,1,0,0,0,0,0,0,0,0,1,1,-1,-1,-1,0,1,1,0,-1
"3,540",Clus 4,G 9,G 1,10,G 2,G 1,G 2,G 1,G 1,G 4,G 2,-1,-1,0,1,1,0,0,1,0,1,-1,0,-1,1,0,-1,0,0,-1,0,0,0,0,-1,0,-1,0,1,1,1,-1,-1
"3,548",Clus 3,G 6,G 1,10,G 1,G 2,G 1,G 2,G 1,G 9,G 2,0,0,-1,1,-1,0,0,0,0,0,0,0,-1,0,0,0,-1,-1,0,0,1,0,0,0,1,0,0,1,1,1,1,-1
"3,554",Clus 3,G 7,G 2,9,G 2,G 1,G 2,G 1,G 1,G 3,G 4,0,0,-1,1,0,-1,0,1,0,0,-1,0,-1,0,0,1,-1,-1,-1,1,0,-1,1,0,0,0,0,1,1,1,0,0
"3,560",Clus 1,G 8,G 2,11,G 2,G 2,G 2,G 1,G 4,G 12,G 14,0,-1,0,1,0,0,0,0,1,0,0,0,0,0,0,0,-1,0,-1,-1,0,0,0,0,0,-1,1,-1,0,0,-1,-1
"3,576",Clus 3,G 8,G 1,15,G 2,G 2,G 2,G 1,G 1,G 8,G 2,1,-1,0,0,-1,0,-1,1,-1,1,-1,0,-1,0,0,0,0,-1,0,0,0,0,1,1,0,0,1,1,-1,1,0,0
"3,582",Clus 4,G 9,G 1,4,G 2,G 2,G 2,G 1,G 1,G 4,G 1,0,-1,0,0,0,0,-1,1,0,1,-1,0,0,0,0,0,0,-1,0,0,0,-1,1,0,0,-1,1,1,0,0,0,-1
"3,599",Clus 4,G 4,G 1,10,G 2,G 1,G 1,G 1,G 4,G 2,G 3,0,-1,0,1,0,1,-1,-1,1,-1,-1,0,-1,1,0,0,0,0,0,1,1,-1,1,0,-1,-1,0,0,1,1,-1,-1
"3,680",Clus 1,G 4,G 2,20,G 1,G 2,G 1,G 1,G 2,G 5,G 6,0,0,0,-1,0,0,0,0,0,-1,0,0,-1,0,1,1,-1,1,0,-1,0,0,0,0,1,0,-1,1,0,0,0,0
"3,697",Clus 4,G 4,G 2,6,G 2,G 1,G 2,G 1,G 1,G 2,G 16,-1,-1,0,1,0,1,-1,0,0,1,0,0,-1,0,0,0,0,-1,0,-1,1,0,1,0,-1,0,1,1,0,0,0,-1
"3,703",Clus 2,G 8,G 2,40,G 2,G 3,G 3,G 1,G 4,G 5,G 5,0,0,0,-1,1,-1,1,0,1,0,-1,0,1,1,-1,0,0,1,0,-1,0,1,1,1,0,0,0,0,0,0,0,-1
"3,718",Clus 2,G 8,G 2,10,G 2,G 1,G 2,G 1,G 3,G 9,G 4,0,0,0,1,0,-1,1,0,1,0,0,-1,1,0,0,0,0,0,-1,-1,0,0,0,1,-1,0,1,0,1,1,0,0
"3,723",Clus 1,G 6,G 1,12,G 1,G 2,G 1,G 2,G 1,G 3,G 1,0,0,0,-1,-1,0,0,1,0,1,1,0,0,0,0,0,0,0,1,0,0,0,0,-1,0,0,1,1,1,1,1,0
"3,745",Clus 1,G 6,G 2,12,G 1,G 1,G 1,G 1,G 3,G 4,G 3,0,-1,-1,0,0,0,-1,0,1,1,0,-1,-1,0,-1,0,0,0,-1,-1,0,0,1,0,1,-1,0,0,0,1,1,-1
"3,750",Clus 2,G 9,G 2,20,G 2,G 1,G 2,G 1,G 4,G 11,G 6,0,-1,0,0,0,0,0,0,1,1,-1,1,0,0,0,-1,0,-1,-1,0,0,1,1,-1,0,-1,1,0,1,1,0,-1
"3,763",Clus 3,G 4,G 1,5,G 1,G 1,G 2,G 1,G 3,G 2,G 1,-1,0,0,0,-1,0,0,1,0,-1,0,-1,0,0,-1,0,-1,-1,0,0,0,0,1,0,0,1,1,1,0,1,1,-1
"3,772",Clus 2,G 4,G 1,15,G 1,G 2,G 2,G 3,G 2,G 3,G 1,0,0,0,1,0,-1,1,0,1,0,0,0,-1,0,1,0,0,0,-1,0,0,0,1,-1,0,-1,-1,1,1,0,1,0
"3,795",Clus 2,G 7,G 1,15,G 2,G 1,G 1,G 1,G 2,G 4,G 5,0,-1,0,0,-1,1,0,0,0,0,-1,-1,0,1,0,0,0,0,-1,0,0,1,1,0,-1,-1,0,1,1,1,-1,0
"3,805",Clus 2,G 4,G 2,16,G 2,G 1,G 2,G 1,G 4,G 4,G 3,0,-1,1,-1,0,0,0,0,1,0,0,-1,0,1,1,0,1,0,-1,-1,1,1,1,0,-1,-1,0,0,0,0,0,-1
"3,807",Clus 4,G 9,G 2,20,G 2,G 1,G 2,G 1,G 4,G 4,G 2,0,-1,0,0,0,-1,0,1,0,1,-1,-1,0,0,0,0,0,0,-1,-1,0,-1,0,0,-1,-1,1,1,0,0,0,-1
"3,836",Clus 1,G 4,G 2,10,G 2,G 1,G 1,G 1,G 3,G 7,G 17,-1,-1,-1,0,0,1,0,0,0,0,-1,0,-1,-1,0,1,0,0,-1,-1,1,0,1,-1,0,-1,0,1,1,1,0,-1
"3,837",Clus 3,G 3,G 1,5,G 1,G 2,G 1,G 2,G 1,G 3,G 1,1,1,0,0,-1,1,0,0,-1,0,0,-1,-1,0,0,0,0,-1,0,-1,0,0,1,0,1,1,0,1,0,0,1,0
"3,847",Clus 1,G 8,G 2,10,G 2,G 2,G 2,G 1,G 1,G 5,G 3,1,-1,0,0,0,0,0,0,-1,0,-1,-1,1,-1,1,0,-1,0,-1,-1,0,-1,1,1,0,0,0,1,1,1,0,0
"3,882",Clus 4,G 4,G 1,5,G 2,G 1,G 2,G 1,G 2,G 2,G 2,-1,-1,0,1,-1,0,0,0,0,-1,0,0,-1,0,0,0,0,-1,0,0,0,1,1,0,-1,-1,1,0,0,1,0,-1
"3,897",Clus 5,G 6,G 2,15,G 1,G 2,G 2,G 1,G 1,G 4,G 3,1,-1,0,0,0,1,0,0,1,0,-1,0,-1,0,0,0,1,0,-1,-1,0,0,1,0,1,0,0,0,1,1,1,-1
"3,898",Clus 3,G 10,G 1,20,G 2,G 1,G 2,G 1,G 1,G 6,G 4,-1,-1,-1,1,0,0,-1,1,0,0,0,0,0,0,0,0,0,-1,0,0,0,0,1,0,-1,-1,0,0,0,1,-1,0
"3,910",Clus 4,G 8,G 2,6,G 2,G 1,G 2,G 1,G 1,G 12,G 6,0,0,-1,0,0,0,0,1,0,0,-1,0,0,0,0,0,0,0,-1,0,0,1,1,-1,-1,-1,1,0,1,1,-1,-1
"3,941",Clus 1,G 5,G 2,18,G 2,G 2,G 2,G 1,G 1,G 3,G 2,1,-1,0,0,0,-1,0,0,0,1,0,-1,0,0,-1,-1,0,0,-1,0,0,-1,1,1,0,0,1,1,0,1,0,0
"3,953",Clus 2,G 4,G 1,10,G 2,G 1,G 1,G 1,G 4,G 2,G 1,0,-1,-1,0,-1,0,0,-1,1,0,0,0,-1,1,1,-1,0,-1,-1,1,0,0,1,0,-1,-1,0,0,1,-1,-1,1
"3,961",Clus 3,G 3,G 2,20,G 1,G 1,G 1,G 1,G 3,G 11,G 3,-1,-1,0,0,-1,0,0,0,1,0,-1,0,-1,0,1,0,-1,-1,-1,0,0,0,1,0,1,1,-1,1,0,0,1,0
"3,977",Clus 5,G 3,G 1,20,G 1,G 1,G 1,G 1,G 3,G 1,G 2,0,0,0,0,0,0,0,-1,0,1,-1,0,0,1,0,-1,0,-1,-1,-1,0,-1,0,0,0,1,-1,1,1,1,1,-1
"3,985",Clus 5,G 5,G 1,30,G 1,G 1,G 3,G 1,G 3,G 3,G 3,-1,-1,0,0,1,0,-1,0,1,0,0,0,-1,0,0,0,0,-1,-1,0,0,0,1,-1,0,-1,-1,0,1,1,1,-1
"4,017",Clus 3,G 4,G 1,10,G 1,G 1,G 2,G 3,G 2,G 3,G 2,-1,1,0,1,-1,0,-1,0,0,1,0,0,-1,-1,0,-1,0,0,0,0,-1,-1,1,-1,0,1,0,1,1,0,1,0
"4,050",Clus 4,G 5,G 1,5,G 2,G 1,G 1,G 1,G 4,G 2,G 2,0,-1,-1,1,-1,0,0,0,1,0,0,0,0,0,0,-1,-1,-1,-1,-1,0,0,0,1,0,0,0,1,1,1,0,-1
"4,051",Clus 1,G 4,G 2,7,G 1,G 2,G 1,G 1,G 3,G 7,G 11,0,0,0,0,0,0,0,1,1,0,0,0,0,0,0,0,0,0,-1,1,0,-1,-1,-1,0,1,0,0,1,1,1,-1
"4,064",Clus 1,G 4,G 1,6,G 1,G 1,G 1,G 1,G 2,G 2,G 1,0,-1,-1,1,0,0,0,0,0,0,0,-1,-1,0,0,0,0,-1,-1,0,0,-1,1,0,1,0,0,1,1,1,1,-1
"4,070",Clus 2,G 7,G 2,25,G 2,G 1,G 2,G 1,G 2,G 3,G 5,-1,-1,-1,0,0,0,1,0,1,-1,0,0,1,0,0,-1,0,1,-1,0,0,0,1,0,0,0,0,-1,1,1,1,0
"4,078",Clus 5,G 3,G 1,4,G 1,G 1,G 1,G 1,G 4,G 4,G 3,0,-1,-1,0,0,0,-1,0,1,1,-1,-1,-1,0,1,0,0,0,-1,1,1,0,0,0,0,0,0,1,0,1,1,-1
"4,109",Clus 3,G 5,G 1,12,G 1,G 1,G 1,G 1,G 2,G 5,G 3,0,0,0,0,0,0,0,0,0,-1,-1,-1,-1,0,0,0,0,0,0,0,0,0,0,0,1,1,0,1,1,1,1,-1
"4,114",Clus 4,G 10,G 2,3,G 2,G 1,G 1,G 1,G 2,G 7,G 3,0,0,0,1,0,1,0,0,0,1,-1,0,-1,0,0,-1,1,0,-1,0,0,-1,0,0,-1,-1,1,1,1,1,-1,-1
"4,166",Clus 1,G 3,G 1,3,G 1,G 1,G 1,G 1,G 2,G 1,G 6,-1,0,0,1,-1,0,0,1,0,-1,0,-1,-1,0,0,0,0,-1,-1,0,0,0,1,0,1,1,1,-1,0,1,1,0
"4,174",Clus 1,G 3,G 2,10,G 2,G 1,G 1,G 1,G 4,G 1,G 3,1,0,0,0,-1,0,1,0,0,0,-1,0,0,1,-1,0,0,1,0,0,1,0,0,0,0,0,0,0,1,0,1,0
"4,188",Clus 3,G 5,G 1,1,G 1,G 2,G 1,G 2,G 1,G 4,G 2,1,1,0,1,-1,-1,0,1,0,0,0,-1,-1,-1,0,0,0,-1,0,0,0,0,0,0,0,0,0,1,0,0,1,0
"4,189",Clus 4,G 6,G 1,8,G 2,G 1,G 2,G 1,G 1,G 5,G 1,0,-1,-1,1,0,0,0,0,1,1,-1,0,-1,0,0,0,-1,-1,0,0,0,-1,1,0,-1,-1,0,1,1,1,-1,-1
"4,194",Clus 4,G 7,G 1,15,G 2,G 2,G 2,G 1,G 2,G 4,G 2,0,-1,-1,0,1,0,0,0,1,1,-1,0,-1,0,0,-1,0,0,0,0,-1,-1,1,0,-1,-1,0,1,1,0,-1,-1
"4,208",Clus 1,G 4,G 1,2,G 1,G 2,G 1,G 2,G 1,G 5,G 5,0,-1,0,0,-1,1,0,1,0,0,0,1,-1,-1,0,0,0,0,0,-1,0,0,0,0,-1,0,0,1,1,1,1,1
"4,215",Clus 1,G 4,G 2,20,G 1,G 1,G 1,G 1,G 3,G 1,G 3,0,-1,-1,0,0,1,-1,-1,0,0,0,-1,0,1,0,1,1,0,-1,0,0,1,0,-1,0,0,0,0,1,-1,0,-1
"4,217",Clus 4,G 8,G 2,20,G 2,G 2,G 2,G 1,G 2,G 3,G 3,0,0,-1,0,-1,0,0,0,1,0,-1,0,0,1,0,0,1,0,0,-1,-1,0,1,0,-1,-1,1,1,0,1,0,-1
"4,227",Clus 1,G 3,G 1,10,G 2,G 2,G 1,G 1,G 2,G 5,G 4,0,-1,0,0,0,0,-1,0,0,0,0,0,0,-1,0,0,0,-1,-1,0,0,0,1,0,-1,0,0,1,1,1,0,0
"4,261",Clus 1,G 3,G 1,15,G 2,G 1,G 1,G 1,G 4,G 2,G 1,0,-1,-1,1,0,0,-1,0,1,-1,-1,1,0,-1,0,0,-1,0,0,1,1,0,0,1,-1,0,0,0,1,0,0,0
"4,299",Clus 3,G 5,G 1,5,G 2,G 2,G 2,G 1,G 1,G 9,G 6,0,0,0,0,-1,-1,-1,1,1,0,0,0,-1,0,0,0,-1,-1,-1,0,-1,0,1,0,1,1,-1,1,1,1,1,0
"4,316",Clus 3,G 5,G 1,2,G 1,G 1,G 1,G 1,G 3,G 3,G 3,-1,-1,-1,0,0,0,0,1,0,-1,-1,0,0,0,-1,0,0,0,0,0,0,0,1,0,-1,0,0,1,0,0,1,-1
"4,319",Clus 2,G 9,G 1,7,G 2,G 1,G 2,G 1,G 3,G 4,G 3,0,-1,0,1,1,0,1,0,0,0,-1,0,-1,0,0,0,0,0,0,-1,1,0,1,-1,0,-1,1,1,1,0,0,0
"4,337",Clus 1,G 4,G 1,5,G 2,G 2,G 2,G 1,G 4,G 8,G 11,0,-1,1,0,-1,0,-1,0,1,0,0,0,0,0,1,1,1,0,0,-1,1,0,0,0,-1,0,0,0,-1,0,0,-1
"4,346",Clus 4,G 4,G 1,2,G 2,G 1,G 2,G 1,G 2,G 4,G 2,0,-1,0,0,0,0,0,0,0,1,-1,-1,0,0,0,-1,0,-1,-1,0,0,-1,0,0,0,0,1,1,1,1,-1,-1
"4,352",Clus 2,G 4,G 2,15,G 2,G 1,G 1,G 1,G 2,G 13,G 1,0,0,0,0,0,0,-1,0,0,0,0,0,0,1,0,1,0,0,-1,0,0,0,0,1,-1,-1,1,0,0,0,-1,-1
"4,356",Clus 2,G 4,G 2,20,G 2,G 1,G 1,G 1,G 4,G 4,G 3,0,-1,0,0,-1,1,0,0,1,-1,0,-1,0,1,0,0,0,0,-1,0,1,0,1,0,-1,-1,1,-1,0,0,0,-1
"4,371",Clus 1,G 4,G 1,5,G 1,G 2,G 1,G 2,G 2,G 2,G 6,0,-1,-1,0,0,1,0,1,0,-1,-1,0,-1,-1,1,-1,0,-1,0,0,0,0,0,0,-1,-1,1,1,0,0,0,0
"4,376",Clus 4,G 9,G 2,30,G 2,G 2,G 2,G 1,G 1,G 10,G 5,0,0,-1,0,1,0,0,1,0,-1,0,0,0,0,0,-1,0,0,-1,-1,1,1,1,1,-1,-1,1,1,1,1,0,-1
"4,407",Clus 1,G 4,G 2,2,G 1,G 1,G 2,G 1,G 1,G 3,G 4,-1,-1,-1,0,0,1,0,1,1,0,-1,-1,0,0,0,0,0,0,-1,0,0,1,1,0,1,0,0,1,1,1,1,-1
"4,410",Clus 3,G 4,G 1,10,G 1,G 1,G 1,G 1,G 3,G 2,G 5,0,-1,-1,0,0,0,0,0,1,0,-1,0,-1,0,1,0,0,-1,0,-1,0,-1,1,0,-1,-1,1,1,0,1,1,1
"4,445",Clus 1,G 4,G 2,20,G 1,G 1,G 2,G 1,G 1,G 4,G 6,0,-1,-1,0,0,0,0,1,0,0,0,0,0,1,-1,0,0,1,0,0,-1,0,0,-1,-1,0,1,0,0,0,1,-1
"4,447",Clus 1,G 3,G 2,10,G 2,G 1,G 2,G 1,G 4,G 12,G 5,-1,0,-1,0,-1,1,0,0,0,0,-1,0,0,-1,0,0,0,0,-1,0,0,0,1,0,-1,-1,1,0,0,0,-1,-1
"4,462",Clus 1,G 6,G 2,10,G 1,G 1,G 1,G 1,G 3,G 9,G 3,-1,-1,-1,1,-1,0,0,0,1,1,-1,0,-1,0,1,0,0,0,-1,0,0,1,0,-1,1,-1,0,0,1,0,1,-1
"4,466",Clus 2,G 4,G 2,15,G 2,G 1,G 2,G 1,G 3,G 3,G 5,-1,0,0,0,-1,0,0,1,0,0,0,-1,0,1,0,0,1,0,-1,-1,1,-1,0,0,0,0,1,-1,1,0,0,-1
"4,489",Clus 5,G 6,G 2,15,G 1,G 1,G 1,G 1,G 3,G 1,G 2,-1,-1,-1,1,-1,0,-1,1,0,1,0,0,0,1,0,0,-1,0,-1,0,0,-1,1,-1,1,1,0,0,0,0,1,-1
"4,492",Clus 5,G 6,G 2,10,G 2,G 1,G 2,G 1,G 3,G 4,G 1,-1,-1,-1,0,0,0,0,-1,1,1,0,0,0,1,1,0,0,0,0,-1,0,1,1,0,1,0,0,0,1,-1,1,-1
"4,534",Clus 3,G 4,G 2,15,G 2,G 1,G 2,G 3,G 2,G 4,G 3,1,0,0,0,0,-1,0,1,1,0,0,0,-1,0,1,-1,0,0,0,0,0,-1,0,0,0,-1,0,1,1,0,0,-1
"4,572",Clus 1,G 4,G 2,10,G 1,G 1,G 1,G 1,G 2,G 2,G 4,-1,-1,0,1,0,0,1,-1,0,1,-1,0,1,0,0,1,0,0,0,0,0,-1,1,0,0,0,0,0,-1,0,0,0
"4,573",Clus 5,G 9,G 1,20,G 1,G 1,G 2,G 1,G 1,G 10,G 8,0,0,-1,1,0,0,-1,1,0,-1,-1,0,-1,0,1,-1,0,-1,0,0,0,0,1,0,-1,0,0,1,0,0,1,-1
"4,575",Clus 3,G 10,G 1,10,G 2,G 2,G 3,G 1,G 1,G 2,G 2,1,0,0,1,0,0,0,0,-1,0,0,0,0,0,0,0,-1,-1,1,0,0,0,1,0,-1,-1,0,1,0,0,-1,-1
"4,583",Clus 1,G 4,G 2,20,G 1,G 1,G 1,G 1,G 3,G 1,G 4,-1,0,0,0,0,1,0,0,1,1,-1,-1,-1,1,0,0,0,-1,-1,0,0,0,1,0,0,0,0,1,0,0,1,-1
"4,587",Clus 5,G 7,G 2,15,G 2,G 1,G 2,G 1,G 3,G 8,G 5,0,-1,-1,1,0,-1,-1,0,1,1,0,0,0,1,0,-1,0,1,-1,0,0,0,1,0,0,0,1,0,1,0,0,-1
"4,589",Clus 2,G 3,G 2,10,G 2,G 1,G 1,G 1,G 4,G 2,G 4,-1,0,0,0,0,0,0,0,0,0,0,-1,0,0,0,0,1,1,-1,0,0,1,0,0,-1,0,0,-1,1,-1,-1,-1
"4,594",Clus 2,G 9,G 2,20,G 2,G 3,G 3,G 1,G 4,G 3,G 2,-1,0,0,0,0,0,1,-1,1,0,0,1,0,0,0,-1,0,0,-1,1,0,-1,1,-1,-1,-1,0,0,1,0,-1,-1
"4,608",Clus 2,G 4,G 1,1,G 2,G 1,G 2,G 1,G 4,G 13,G 3,1,0,0,1,0,0,1,0,1,0,1,-1,1,0,0,-1,0,0,-1,0,0,0,1,1,-1,-1,-1,-1,1,0,0,-1
"4,655",Clus 3,G 9,G 2,30,G 2,G 2,G 2,G 1,G 2,G 9,G 6,0,0,-1,0,-1,0,0,1,1,0,-1,0,0,0,0,0,0,0,-1,-1,0,0,0,0,-1,0,0,1,1,1,-1,0
"4,664",Clus 2,G 4,G 2,10,G 2,G 1,G 2,G 1,G 1,G 4,G 5,0,0,0,0,-1,-1,-1,0,1,0,-1,1,-1,1,1,0,0,0,-1,1,0,0,0,0,0,-1,0,0,1,1,0,-1
"4,680",Clus 4,G 9,G 2,20,G 2,G 3,G 3,G 1,G 4,G 5,G 2,0,-1,-1,1,-1,0,0,0,1,1,-1,0,0,0,0,0,0,0,0,0,0,0,1,1,0,-1,0,1,1,0,0,-1
"4,689",Clus 2,G 4,G 1,10,G 2,G 1,G 1,G 1,G 4,G 2,G 2,0,0,-1,1,0,1,0,-1,1,0,-1,0,0,0,0,1,0,-1,0,0,0,0,1,0,-1,-1,1,0,1,0,-1,-1
"4,691",Clus 4,G 9,G 2,50,G 2,G 1,G 3,G 1,G 4,G 1,G 4,0,-1,-1,1,0,1,-1,1,0,0,-1,0,-1,0,0,0,-1,1,-1,-1,0,0,1,1,-1,-1,1,1,0,1,-1,-1
"4,720",Clus 1,G 4,G 2,8,G 1,G 1,G 2,G 1,G 1,G 5,G 3,0,0,-1,0,0,0,1,0,1,0,0,-1,-1,0,0,0,0,1,0,0,0,0,0,0,0,0,0,0,0,0,1,1
"4,731",Clus 2,G 9,G 2,20,G 2,G 1,G 1,G 1,G 4,G 7,G 6,0,-1,0,0,0,0,1,-1,1,0,0,1,0,0,0,0,0,0,-1,0,0,0,0,0,-1,-1,1,-1,1,1,-1,-1
"4,732",Clus 2,G 10,G 2,15,G 2,G 1,G 1,G 1,G 4,G 3,G 3,0,-1,0,-1,1,0,1,0,1,0,0,0,0,1,0,0,1,0,-1,-1,-1,0,1,0,-1,0,0,0,1,0,0,0
"4,765",Clus 4,G 4,G 1,8,G 2,G 1,G 2,G 1,G 2,G 3,G 1,0,-1,-1,1,0,0,-1,0,1,0,-1,0,-1,0,0,0,0,-1,0,0,1,-1,1,0,-1,0,0,1,1,1,0,-1
"4,808",Clus 3,G 7,G 2,15,G 2,G 2,G 2,G 1,G 1,G 5,G 11,0,0,-1,1,-1,1,0,1,1,0,-1,0,0,1,0,0,1,0,0,0,0,-1,1,-1,0,-1,1,0,1,1,0,-1
"4,860",Clus 3,G 10,G 1,10,G 2,G 2,G 2,G 1,G 1,G 5,G 3,1,0,0,0,1,1,-1,1,0,1,-1,0,-1,0,0,0,0,-1,0,-1,0,0,1,-1,0,-1,1,1,1,1,0,0
"4,866",Clus 4,G 4,G 1,5,G 2,G 2,G 2,G 1,G 2,G 3,G 1,1,-1,0,0,1,0,-1,0,1,1,0,-1,0,1,0,0,0,0,-1,0,0,0,1,0,-1,-1,-1,1,1,0,-1,0
"4,867",Clus 4,G 3,G 2,3,G 2,G 2,G 2,G 1,G 1,G 5,G 1,0,0,0,0,1,0,0,0,0,1,0,0,-1,0,0,0,-1,0,-1,0,0,-1,1,0,0,-1,0,1,0,1,-1,-1
"4,875",Clus 4,G 9,G 1,20,G 2,G 1,G 1,G 1,G 4,G 6,G 3,0,0,0,1,0,-1,0,-1,0,1,-1,0,0,0,0,-1,-1,-1,-1,-1,0,0,1,0,0,-1,0,1,1,1,0,-1
"4,902",Clus 1,G 4,G 2,5,G 2,G 1,G 2,G 1,G 1,G 3,G 1,0,-1,1,0,-1,1,1,0,0,0,0,0,1,0,0,0,0,0,-1,0,0,1,0,0,0,0,-1,0,0,-1,0,-1
"4,952",Clus 4,G 10,G 2,40,G 2,G 1,G 2,G 1,G 4,G 3,G 5,0,-1,-1,1,0,0,0,0,0,0,0,0,1,0,-1,0,1,0,-1,0,0,0,1,1,-1,0,1,0,1,0,0,-1
"4,957",Clus 3,G 5,G 1,10,G 1,G 2,G 1,G 2,G 1,G 6,G 2,0,0,-1,0,0,0,-1,0,-1,0,-1,0,-1,0,0,0,0,-1,1,0,0,-1,1,-1,0,0,0,1,-1,1,1,0
"4,965",Clus 1,G 4,G 2,15,G 2,G 1,G 1,G 1,G 4,G 4,G 7,-1,0,0,0,0,0,-1,-1,0,1,0,-1,1,-1,0,0,1,0,0,0,0,0,0,0,1,1,0,1,1,0,1,-1
"4,972",Clus 4,G 7,G 1,30,G 2,G 2,G 2,G 1,G 1,G 2,G 5,0,-1,0,0,0,0,0,1,0,0,0,0,0,0,0,0,0,-1,0,-1,0,0,0,-1,-1,0,0,1,1,1,-1,-1
"4,984",Clus 4,G 7,G 2,25,G 2,G 1,G 2,G 1,G 2,G 7,G 17,1,0,0,0,0,0,0,1,0,1,-1,-1,0,0,0,0,-1,0,-1,0,0,-1,1,0,-1,-1,1,1,1,1,-1,-1
"4,989",Clus 1,G 9,G 2,10,G 2,G 1,G 3,G 1,G 4,G 1,G 1,0,0,0,0,0,0,0,-1,0,0,0,0,0,-1,-1,-1,0,0,0,1,0,-1,0,0,-1,0,1,1,1,1,-1,-1
"4,990",Clus 1,G 10,G 2,40,G 2,G 2,G 2,G 3,G 2,G 1,G 3,1,1,-1,1,-1,0,-1,1,0,1,0,0,0,0,0,0,1,0,-1,0,-1,0,0,1,-1,-1,0,1,1,1,-1,0
"4,996",Clus 4,G 10,G 2,20,G 2,G 1,G 1,G 1,G 4,G 5,G 4,0,-1,0,0,-1,0,0,0,1,1,-1,0,0,0,0,0,0,1,-1,-1,0,1,0,0,-1,0,1,0,0,1,-1,-1
"5,000",Clus 2,G 4,G 2,15,G 2,G 1,G 1,G 1,G 4,G 4,G 6,-1,-1,-1,0,1,0,0,0,1,0,0,-1,0,1,0,1,-1,0,-1,1,1,1,0,0,0,0,0,0,0,0,-1,-1
"5,007",Clus 2,G 10,G 2,5,G 2,G 3,G 1,G 1,G 4,G 7,G 6,0,0,0,1,0,1,0,0,1,1,-1,-1,0,0,0,0,0,1,-1,0,0,0,1,0,-1,-1,0,0,0,0,-1,-1
"5,015",Clus 4,G 5,G 2,30,G 2,G 1,G 1,G 1,G 4,G 5,G 3,0,-1,-1,1,-1,0,0,-1,1,0,-1,-1,-1,1,0,-1,0,0,-1,1,-1,-1,1,0,0,0,1,1,1,0,0,-1
"5,021",Clus 2,G 10,G 2,20,G 2,G 3,G 1,G 1,G 4,G 3,G 10,-1,-1,0,1,0,0,0,-1,1,0,0,-1,1,0,0,0,1,1,-1,-1,0,0,1,0,-1,-1,0,0,1,0,-1,0
"5,023",Clus 2,G 5,G 2,15,G 2,G 1,G 1,G 1,G 4,G 6,G 4,-1,-1,-1,1,0,0,0,0,0,-1,-1,-1,0,0,1,1,0,0,0,0,0,0,0,-1,-1,-1,1,0,0,1,-1,-1
"5,057",Clus 3,G 10,G 2,15,G 2,G 2,G 2,G 1,G 1,G 11,G 6,0,0,0,1,0,-1,0,1,-1,1,-1,0,0,0,0,-1,0,0,0,0,0,0,1,0,-1,0,1,1,-1,0,1,-1
"5,066",Clus 2,G 6,G 1,15,G 2,G 1,G 1,G 1,G 2,G 3,G 4,0,-1,0,0,0,0,0,0,0,0,0,1,0,1,0,0,0,0,-1,-1,1,0,0,0,-1,-1,0,0,0,0,0,-1
"5,079",Clus 3,G 6,G 1,20,G 2,G 2,G 2,G 1,G 1,G 3,G 7,0,0,0,0,0,0,-1,1,0,1,-1,0,0,1,0,0,-1,0,0,-1,0,1,1,0,-1,0,0,1,1,1,0,-1
"5,085",Clus 1,G 6,G 1,10,G 2,G 2,G 2,G 1,G 1,G 2,G 11,1,-1,0,1,1,0,0,1,0,-1,-1,-1,-1,1,0,0,0,0,0,0,1,0,1,0,-1,0,-1,0,1,1,-1,-1
"5,091",Clus 1,G 6,G 2,15,G 2,G 1,G 2,G 1,G 2,G 1,G 3,-1,-1,0,0,0,0,-1,0,1,0,-1,0,-1,0,0,0,0,0,-1,0,0,0,0,-1,0,0,1,1,1,1,0,-1
